Time,Day_of_week,Age_band_of_driver,Sex_of_driver,Educational_level,Vehicle_driver_relation,Driving_experience,Type_of_vehicle,Owner_of_vehicle,Service_year_of_vehicle,Defect_of_vehicle,Area_accident_occured,Lanes_or_Medians,Road_allignment,Types_of_Junction,Road_surface_type,Road_surface_conditions,Light_conditions,Weather_conditions,Type_of_collision,Number_of_vehicles_involved,Number_of_casualties,Vehicle_movement,Casualty_class,Sex_of_casualty,Age_band_of_casualty,Casualty_severity,Work_of_casuality,Fitness_of_casuality,Pedestrian_movement,Cause_of_accident,Accident_severity,Hour,Hour_of_Day
858,6,1,1,4,0,1,5,1,1,3,7,4,5,7,0,3,0,4,8,2,6,2,0,1,1,1,0,2,5,10,2,19,19
858,6,1,1,4,0,6,0,3,2,2,7,2,5,7,0,3,0,4,1,2,6,2,1,0,3,2,3,2,5,10,2,19,19
294,0,0,1,0,0,0,0,3,0,3,6,4,7,1,0,3,3,2,8,2,1,2,3,2,5,3,0,2,5,10,2,8,8
294,0,0,1,4,0,0,8,3,5,2,7,1,5,1,0,3,3,2,1,2,1,7,0,1,1,2,3,2,5,0,2,8,8
575,6,0,1,4,0,0,15,3,5,2,1,4,3,0,0,3,3,3,8,2,1,2,3,2,5,3,1,2,5,1,2,14,14
575,6,3,2,5,0,2,17,0,5,2,7,2,3,0,0,3,3,3,8,2,1,2,3,2,5,3,0,2,5,9,2,14,14
725,1,1,1,4,0,3,0,0,2,2,2,2,5,7,0,3,0,3,8,2,1,2,0,1,1,2,0,2,5,1,2,16,16
725,1,0,1,4,0,3,17,3,5,3,9,4,5,7,0,3,0,3,8,2,1,11,3,2,5,3,0,2,5,10,2,16,16
391,2,0,1,4,0,2,3,3,2,2,6,2,9,2,0,3,3,2,8,2,1,2,0,1,1,2,0,2,5,16,2,10,10
391,2,1,1,4,0,1,9,3,1,2,7,2,5,2,0,3,3,2,8,2,1,2,0,1,4,1,0,2,5,13,2,10,10
671,0,1,1,4,0,4,8,0,1,3,6,4,5,7,0,3,3,2,8,1,1,2,3,2,5,3,0,2,5,13,2,15,15
1005,5,0,1,4,0,0,17,3,5,3,6,6,5,1,0,0,0,2,8,3,2,2,0,1,0,1,3,2,5,1,2,22,22
1005,5,0,1,4,0,2,7,3,5,2,7,1,0,1,0,0,0,2,8,3,2,2,0,1,1,2,3,2,5,11,2,22,22
1005,5,0,1,4,0,4,5,3,5,2,9,4,5,1,0,0,0,2,8,3,2,2,3,2,5,3,3,2,5,12,2,22,22
1005,5,1,1,1,0,2,0,3,5,2,1,1,5,1,0,0,0,2,8,3,2,11,2,0,1,2,0,2,6,0,2,22,22
753,4,2,1,4,0,1,8,3,5,2,2,4,5,1,0,2,0,1,8,2,1,3,3,2,5,3,6,2,5,0,2,17,17
753,4,0,1,4,0,2,5,3,5,2,7,1,5,1,0,2,0,1,6,2,1,2,0,1,3,2,6,2,5,16,2,17,17
367,3,1,1,1,0,2,5,3,5,2,7,4,5,1,0,0,3,2,2,2,1,9,3,2,5,3,3,2,5,10,2,10,10
367,3,2,1,4,0,3,3,3,5,2,7,2,5,1,0,0,3,2,8,2,1,9,0,0,1,2,0,2,5,12,2,10,10
842,5,0,1,4,0,0,11,0,5,2,9,6,5,1,0,0,2,2,8,1,1,7,0,0,0,2,1,2,5,1,2,18,18
340,6,0,1,2,0,4,11,3,3,2,12,6,5,7,0,3,3,4,8,2,1,7,3,2,5,3,2,2,5,0,2,9,9
340,6,1,1,1,0,3,0,3,3,2,2,2,5,7,2,3,3,4,1,2,1,7,0,1,0,2,0,2,5,10,2,9,9
953,1,3,1,2,2,0,0,3,3,2,7,6,5,0,0,0,0,2,1,2,1,3,0,1,0,2,0,2,5,3,2,20,20
953,1,1,1,4,0,1,0,3,4,3,7,2,5,0,0,0,0,2,8,2,1,2,2,1,4,2,0,2,6,11,2,20,20
330,2,0,1,5,0,2,7,3,1,3,6,4,5,3,0,0,3,2,8,3,3,2,0,1,1,2,6,2,5,3,2,9,9
330,2,0,1,2,2,1,9,3,1,3,6,2,5,3,0,0,3,2,1,3,3,2,0,1,0,2,1,2,5,9,2,9,9
330,2,0,1,2,0,3,0,3,1,2,7,4,5,3,0,0,3,2,1,3,3,2,0,1,1,2,6,2,5,10,2,9,9
321,6,1,1,4,0,0,14,3,4,2,3,4,5,1,0,0,3,2,1,2,2,2,0,1,4,2,6,2,5,10,2,9,9
321,6,2,1,1,0,0,0,3,1,3,7,4,5,1,0,0,3,2,8,2,2,2,1,0,4,2,6,2,5,10,2,9,9
62,0,3,1,2,0,0,0,3,5,3,7,2,5,0,0,0,0,2,2,2,1,2,3,2,5,3,6,5,5,0,2,1,1
62,0,0,1,0,0,2,0,3,5,3,7,4,5,0,0,0,0,2,8,2,1,2,0,1,0,2,0,2,5,0,2,1,1
381,6,1,1,5,3,6,17,4,5,3,7,0,5,1,0,0,3,2,8,1,1,2,1,1,0,2,3,2,5,9,2,10,10
828,4,3,1,4,0,2,17,0,5,2,7,2,6,7,3,3,0,2,2,1,1,9,3,2,5,3,6,5,5,1,2,18,18
249,5,0,1,1,2,2,8,3,3,2,3,2,5,5,0,0,3,2,8,2,2,2,0,1,3,1,0,2,5,12,2,8,8
249,5,1,1,1,0,2,16,4,3,2,7,2,5,5,2,0,3,2,8,2,2,3,3,2,5,3,0,2,5,9,2,8,8
249,5,1,1,2,2,2,8,3,5,2,7,1,5,5,0,0,3,2,8,2,2,2,1,1,4,1,0,2,5,3,2,8,8
170,0,2,1,4,0,2,7,3,1,2,7,2,6,7,0,3,0,2,8,2,1,2,1,0,4,1,0,2,5,3,2,6,6
170,0,1,1,4,2,0,14,3,5,3,6,2,5,7,0,3,0,2,1,2,1,3,3,2,5,3,3,2,5,5,2,6,6
786,2,2,1,4,0,1,8,3,5,3,9,2,5,2,2,0,0,2,6,1,1,2,3,2,5,3,6,5,5,11,1,17,17
1033,1,2,1,4,2,2,5,3,1,2,7,2,5,1,0,3,0,2,8,2,2,2,0,1,0,2,6,5,5,12,2,22,22
1033,1,0,1,4,2,3,5,3,5,3,9,2,5,1,0,3,0,2,8,2,2,12,1,0,4,2,0,2,5,3,2,22,22
899,0,0,1,2,0,2,0,3,5,3,7,4,5,1,0,0,2,2,8,1,1,3,1,0,0,2,0,2,5,9,1,19,19
340,6,2,1,2,2,1,0,3,1,3,9,0,5,0,0,0,3,2,2,2,1,3,2,0,3,2,6,5,5,3,2,9,9
340,6,2,1,4,0,2,8,3,5,3,6,2,5,0,0,0,3,2,8,2,1,2,0,0,1,2,3,2,5,12,2,9,9
732,0,3,1,1,0,1,8,3,2,3,6,2,6,1,0,0,3,2,6,2,1,11,3,2,5,3,6,5,5,1,2,16,16
732,0,1,1,1,0,2,5,3,5,3,6,0,5,1,0,0,3,2,2,2,1,2,0,1,0,2,6,5,5,0,2,16,16
649,6,3,1,4,0,0,9,3,5,3,1,2,5,7,0,3,3,3,8,2,1,2,3,2,5,3,0,2,5,12,2,15,15
649,6,0,1,4,0,2,7,3,5,3,7,2,5,7,0,3,3,3,8,2,1,2,3,2,5,3,0,2,5,3,2,15,15
269,4,1,1,5,3,6,14,3,5,3,7,6,5,7,0,0,3,2,8,1,1,3,3,2,5,3,0,2,5,9,1,8,8
583,6,2,1,1,0,3,0,3,2,3,7,2,5,7,0,0,3,2,8,2,1,2,3,2,5,3,0,2,5,10,1,14,14
836,1,4,1,1,0,4,0,3,5,3,7,0,5,7,0,0,0,2,8,1,1,2,1,1,1,2,0,2,5,0,2,18,18
238,1,4,1,4,0,1,5,3,1,2,7,4,7,7,0,0,3,2,8,1,1,2,1,0,1,2,0,2,5,0,2,7,7
799,1,0,1,1,2,0,14,3,1,2,6,2,5,2,0,3,0,4,1,1,1,2,2,0,4,1,3,2,2,10,2,18,18
228,5,4,1,4,2,2,5,3,3,2,6,2,5,0,0,3,3,2,8,1,1,2,3,2,5,3,0,2,5,0,2,7,7
224,0,1,1,4,0,1,11,3,5,2,6,1,5,0,0,3,3,4,8,2,1,7,0,1,3,1,0,2,5,3,1,7,7
224,0,4,1,4,0,1,0,3,3,2,9,0,5,0,0,3,3,4,2,2,1,2,0,1,0,1,6,5,5,0,1,7,7
350,4,1,1,2,0,1,0,0,4,2,1,2,5,7,0,3,3,2,8,2,1,2,3,2,5,3,0,2,5,10,2,9,9
350,4,1,1,4,0,3,0,3,5,2,2,0,5,7,0,3,3,2,8,2,1,2,3,2,5,3,0,2,5,1,2,9,9
311,4,1,1,4,0,1,17,3,5,2,6,4,5,0,0,3,3,3,8,2,1,2,0,1,1,2,1,2,5,10,2,9,9
311,4,1,1,4,0,0,5,3,5,2,7,2,5,0,2,3,3,3,2,2,1,2,1,0,0,2,6,5,5,4,2,9,9
649,3,2,1,4,0,1,5,3,5,3,9,6,3,1,0,0,3,2,8,2,1,2,2,1,3,2,0,2,5,10,2,15,15
649,3,1,1,4,0,2,0,3,5,2,12,6,5,1,0,0,3,2,8,2,1,2,3,2,5,3,3,2,5,16,2,15,15
173,0,1,1,4,0,0,14,3,0,2,6,2,5,7,4,0,3,2,8,2,1,2,0,1,3,2,3,2,5,5,2,6,6
173,0,2,1,1,0,0,9,3,3,2,7,6,5,7,0,0,3,2,8,2,1,12,2,0,4,2,1,2,5,11,2,6,6
662,5,1,1,4,0,1,9,3,5,2,7,2,5,7,0,0,3,3,8,2,2,2,0,0,0,1,0,2,5,9,2,15,15
662,5,1,1,4,0,3,0,1,1,3,6,2,7,7,0,0,3,3,8,2,2,2,1,0,4,2,0,2,5,1,2,15,15
1025,0,0,1,4,0,4,9,3,5,3,6,2,5,2,0,3,0,4,8,2,1,2,3,2,5,3,1,2,5,0,2,22,22
1025,0,4,0,4,0,3,9,3,2,3,7,4,5,2,0,3,0,4,2,2,1,2,0,0,1,2,3,2,5,1,2,22,22
257,4,1,1,1,2,2,5,3,2,2,6,2,5,7,0,0,3,2,8,1,2,2,3,2,5,3,0,2,5,5,2,8,8
257,4,1,1,1,0,3,0,3,1,2,4,2,5,7,0,0,3,2,8,1,2,2,1,1,1,2,0,2,5,12,2,8,8
796,6,0,1,4,0,0,5,3,5,2,6,4,5,7,0,0,0,2,8,2,1,2,3,2,5,3,3,2,5,12,2,18,18
796,6,0,1,5,3,6,17,3,5,3,7,4,5,7,0,0,0,2,8,2,1,2,0,1,1,2,0,2,5,0,2,18,18
546,6,4,0,2,2,2,0,3,3,3,7,2,5,0,0,0,3,2,8,1,1,2,2,1,1,2,0,2,1,1,2,13,13
403,0,1,1,1,0,1,14,3,5,3,6,2,5,7,0,0,3,2,8,1,1,2,3,2,5,3,0,2,5,1,2,10,10
748,0,1,1,5,3,6,17,4,5,3,2,5,5,7,0,0,0,2,8,1,1,2,0,1,1,2,3,2,5,0,2,17,17
542,0,1,1,5,3,6,17,3,5,3,6,6,5,7,0,0,3,2,2,2,1,2,1,1,1,2,1,2,5,0,2,13,13
542,0,1,1,2,2,0,0,3,5,3,9,6,5,7,0,0,3,2,6,2,1,2,0,1,3,2,6,5,5,7,2,13,13
62,3,0,1,4,0,0,14,3,5,2,1,2,5,1,0,0,0,2,8,2,1,9,1,0,1,2,3,2,5,16,2,1,1
62,3,1,1,4,0,0,0,0,2,3,7,6,5,1,0,0,0,2,8,2,1,7,0,1,0,2,0,2,5,0,2,1,1
690,2,4,1,4,0,3,7,3,5,2,2,4,5,1,0,0,0,2,8,1,1,3,3,2,5,3,0,2,5,5,2,16,16
644,0,1,1,4,0,0,7,3,5,2,7,1,5,3,0,0,3,2,8,2,1,2,0,0,1,2,0,2,5,3,2,15,15
644,0,0,1,2,2,3,0,3,3,2,7,2,5,3,0,0,3,2,8,2,1,3,3,2,5,3,0,2,5,9,2,15,15
1053,0,1,1,4,0,3,5,3,2,3,2,4,5,7,0,3,0,4,8,1,1,2,3,2,5,3,3,2,5,10,1,23,23
753,5,4,1,4,0,0,5,3,5,3,6,2,6,0,3,0,0,2,8,1,1,2,0,1,1,2,0,2,5,12,2,17,17
636,5,1,1,4,0,0,5,3,5,3,6,0,5,7,0,0,3,2,8,2,1,2,3,2,5,3,0,2,5,17,2,15,15
636,5,4,1,2,0,1,0,1,2,2,2,2,5,7,0,0,3,2,2,2,1,2,0,0,1,2,6,5,5,0,2,15,15
335,6,2,1,4,0,1,0,1,1,2,7,4,7,1,0,3,3,4,8,2,2,2,1,0,4,2,3,2,5,10,2,9,9
335,6,0,1,4,0,0,10,3,5,2,7,4,5,1,0,3,3,4,8,2,2,11,0,0,1,2,0,2,5,9,2,9,9
60,0,0,1,1,0,2,10,3,5,2,2,4,5,0,0,0,0,2,8,2,2,2,2,1,1,1,0,2,6,12,2,1,1
60,0,1,1,4,0,2,5,3,2,2,4,2,6,0,0,0,0,2,8,2,2,11,2,1,1,1,0,2,5,12,2,1,1
850,4,1,1,4,0,0,5,3,5,2,6,4,5,0,0,0,0,2,1,1,1,2,3,2,5,3,2,2,5,10,2,19,19
743,4,4,0,1,1,2,9,3,5,2,12,4,5,0,0,0,0,2,1,1,1,3,0,1,1,1,1,2,5,10,2,17,17
238,0,1,1,4,0,1,7,3,5,2,7,4,5,1,0,0,3,2,8,1,1,2,3,2,5,3,0,2,5,16,2,7,7
510,3,1,1,1,0,2,5,3,5,2,2,1,5,0,0,3,3,2,8,2,1,2,0,1,0,2,3,2,5,5,2,13,13
510,3,2,1,4,0,3,0,3,5,2,6,4,5,0,0,3,3,2,8,2,1,3,3,2,5,3,0,2,5,1,2,13,13
1044,0,2,1,4,0,3,7,3,5,2,7,6,3,7,0,0,0,2,6,1,1,2,0,1,1,2,6,5,5,0,2,23,23
7,2,0,1,1,2,1,6,3,1,2,7,6,5,1,0,0,0,2,8,2,1,9,2,0,4,1,0,2,1,3,2,0,0
7,2,2,1,1,0,2,0,3,5,3,7,2,5,1,0,0,0,2,8,2,1,2,0,1,0,1,0,2,5,9,2,0,0
675,3,1,1,4,2,0,0,3,1,3,7,1,5,7,0,0,3,2,1,1,1,2,3,2,5,3,3,2,5,9,2,16,16
960,2,1,1,1,0,3,5,3,3,2,2,2,6,7,0,0,0,2,8,1,1,11,0,0,1,2,3,2,5,1,2,21,21
831,0,0,1,4,0,2,0,0,1,2,9,2,5,1,0,0,0,2,8,2,1,2,3,2,5,3,0,2,5,12,1,18,18
831,0,4,1,4,0,1,11,3,1,2,6,2,6,1,3,0,0,2,8,2,1,2,3,2,5,3,0,2,5,2,1,18,18
566,2,1,1,1,0,3,5,3,1,2,7,2,5,7,0,3,3,4,1,1,1,2,3,2,5,3,3,2,5,5,2,14,14
703,0,1,1,4,0,1,11,3,1,2,6,2,6,0,3,0,3,2,8,2,1,2,3,2,5,3,0,2,5,1,2,16,16
703,0,4,1,1,0,3,5,3,1,2,7,2,5,0,0,0,3,2,1,2,1,7,0,0,0,2,3,2,5,3,2,16,16
575,5,0,1,4,0,3,5,3,0,2,2,4,5,7,0,0,3,2,8,3,3,2,1,0,4,2,0,2,5,10,2,14,14
575,5,0,1,4,0,1,5,3,5,2,6,2,5,7,0,0,3,2,8,3,3,3,2,1,4,2,0,2,0,0,2,14,14
575,5,0,1,4,0,3,9,3,5,2,7,2,5,7,0,0,3,2,8,3,3,2,3,2,5,3,0,2,5,10,2,14,14
575,5,1,1,4,0,3,9,3,5,2,7,2,5,7,0,0,3,2,8,3,3,2,0,1,1,1,0,2,5,10,2,14,14
429,6,2,1,4,0,4,14,3,3,3,12,2,5,7,0,0,3,2,8,2,1,2,3,2,5,3,0,2,5,7,2,11,11
429,6,2,1,4,2,3,5,3,5,2,2,0,6,7,0,0,3,2,2,2,1,2,0,1,0,1,6,5,5,16,2,11,11
480,6,1,1,2,1,3,0,3,5,3,12,4,5,7,0,0,3,2,8,2,1,2,3,2,5,3,0,2,5,3,2,12,12
480,6,4,1,4,0,2,8,3,1,2,9,0,5,7,0,0,3,2,8,2,1,9,0,1,3,2,0,2,5,5,2,12,12
1018,4,4,0,1,3,6,0,4,5,3,6,2,5,1,0,0,0,2,2,1,1,2,0,0,0,2,6,5,5,9,1,22,22
571,6,1,1,4,0,2,10,3,5,3,6,4,5,7,0,0,3,2,8,2,1,2,0,0,3,2,3,2,5,17,2,14,14
571,6,1,1,4,0,2,11,0,2,2,2,2,5,7,0,0,3,2,8,2,1,3,3,2,5,3,0,2,5,5,2,14,14
898,6,0,1,4,2,4,14,3,1,3,9,4,5,0,0,0,0,2,8,2,1,2,2,0,4,2,0,2,2,1,2,19,19
898,6,1,1,4,0,2,17,3,5,2,6,6,5,0,0,0,0,2,8,2,1,2,2,1,3,2,3,2,5,0,2,19,19
906,4,0,1,1,0,1,5,3,1,2,9,1,5,2,0,0,0,2,1,2,1,2,3,2,5,3,0,2,5,10,2,20,20
906,4,0,1,4,2,1,14,3,1,2,7,2,5,2,0,0,0,2,1,2,1,4,0,1,0,2,1,2,5,10,2,20,20
340,2,1,1,1,0,1,5,0,1,2,7,2,5,0,0,0,3,2,8,2,1,2,1,0,0,2,0,2,5,12,2,9,9
340,2,3,1,4,2,1,9,3,5,2,9,2,5,0,0,0,3,2,8,2,1,2,0,1,3,2,0,2,5,9,2,9,9
1042,3,3,2,4,0,3,5,3,2,2,4,4,5,1,0,0,0,2,2,2,1,9,3,2,5,3,6,5,5,9,2,23,23
1042,3,4,0,4,0,1,7,3,1,2,7,4,3,1,0,0,0,2,8,2,1,3,0,0,4,2,0,2,5,7,2,23,23
279,4,0,1,4,0,0,14,3,0,2,6,4,5,1,0,3,3,4,8,2,1,2,0,1,0,1,0,2,5,0,2,8,8
279,4,1,1,4,0,1,0,1,1,2,7,2,7,1,0,3,3,4,8,2,1,2,0,1,1,2,0,2,5,0,2,8,8
703,4,4,1,4,0,0,11,0,0,3,7,4,5,7,0,0,3,2,8,2,1,2,1,1,0,2,0,2,5,12,2,16,16
703,4,0,1,4,0,2,7,3,5,2,7,2,5,7,0,0,3,2,2,2,1,7,0,0,0,2,6,5,5,1,2,16,16
296,0,2,1,4,0,2,5,3,1,2,7,0,5,1,0,0,3,2,8,1,1,2,2,0,4,1,0,2,6,1,2,8,8
535,0,1,1,1,2,1,0,3,5,1,6,4,5,1,0,0,3,2,8,2,1,2,2,0,4,2,1,2,6,3,2,13,13
535,0,0,1,1,0,4,11,0,0,2,7,2,5,1,0,0,3,2,2,2,1,2,3,2,5,3,6,5,5,0,2,13,13
968,1,2,1,5,3,6,17,4,5,3,13,6,5,7,0,0,0,2,8,2,1,6,0,1,0,1,0,2,5,1,2,21,21
968,1,1,1,4,0,3,0,1,5,2,7,2,5,7,0,0,0,2,2,2,1,2,3,2,5,3,6,5,5,5,2,21,21
406,6,4,1,2,0,0,8,3,3,3,7,6,3,1,0,0,3,2,8,1,1,2,0,1,0,1,0,2,5,3,1,11,11
942,5,1,1,4,2,2,9,3,5,3,6,4,5,7,0,0,0,2,8,2,1,11,2,1,4,2,0,2,5,10,2,20,20
942,5,1,1,4,0,0,5,3,5,2,6,1,5,7,0,0,0,2,8,2,1,2,0,0,3,2,3,2,5,12,2,20,20
672,5,0,1,4,0,3,5,3,3,2,2,6,5,1,0,0,3,2,8,2,2,2,3,2,5,3,0,2,5,12,2,15,15
672,5,1,1,4,0,4,5,3,5,2,6,0,5,1,0,0,3,2,8,2,2,8,3,2,5,3,1,2,5,12,2,15,15
294,5,1,1,1,0,1,10,3,3,2,6,6,5,0,0,0,3,2,8,2,1,2,0,0,0,2,0,2,5,0,2,8,8
294,5,0,1,4,0,2,5,3,5,2,6,2,5,0,0,0,3,2,8,2,1,5,2,1,4,1,6,5,1,9,2,8,8
684,5,4,0,1,0,2,5,3,5,2,6,1,5,1,0,0,3,2,8,1,1,2,3,2,5,3,0,2,5,3,2,16,16
294,0,1,1,4,2,0,6,3,1,2,9,4,5,7,0,0,3,2,1,1,1,7,0,1,1,2,3,2,5,5,2,8,8
998,2,0,1,4,0,2,5,3,3,2,9,6,5,1,0,3,0,2,2,2,1,2,1,0,1,2,6,5,5,1,2,21,21
998,2,0,1,5,1,6,12,3,2,3,9,4,5,1,0,3,0,2,8,2,1,2,3,2,5,3,3,2,5,12,2,21,21
841,0,0,1,2,0,1,0,3,2,3,6,0,5,0,0,3,0,2,8,2,1,11,2,1,4,2,3,2,5,1,2,18,18
841,0,2,1,4,0,0,5,3,5,2,9,2,3,0,0,3,0,2,2,2,1,2,2,1,3,2,6,5,5,4,2,18,18
836,0,1,1,4,0,2,8,0,5,2,7,2,5,7,0,3,0,4,8,3,2,3,3,2,5,3,0,2,5,9,2,18,18
836,0,1,1,4,0,1,11,0,4,2,7,2,5,7,0,3,0,4,8,3,2,2,0,1,3,2,0,2,5,12,2,18,18
836,0,1,1,4,0,5,14,3,5,3,7,2,9,7,0,3,0,4,1,3,2,3,3,2,5,3,2,2,5,10,2,18,18
444,2,0,1,4,0,3,0,3,5,2,12,0,5,0,0,3,3,2,8,2,1,2,0,1,1,2,3,2,5,3,2,11,11
444,2,3,1,4,0,3,9,3,5,2,12,0,5,0,0,3,3,2,1,2,1,2,2,0,4,1,3,2,6,0,2,11,11
429,1,2,1,4,0,2,0,3,1,2,12,4,5,7,0,0,3,2,8,2,1,11,2,1,4,2,0,2,0,12,2,11,11
429,1,4,1,2,0,1,0,3,5,2,9,1,5,7,0,0,3,2,8,2,1,2,1,0,1,2,1,2,5,12,2,11,11
938,1,1,1,2,2,1,0,3,5,2,7,4,5,7,0,3,0,4,2,2,1,2,2,0,4,2,6,5,5,10,2,20,20
938,1,0,1,4,0,4,5,3,5,2,6,2,5,7,0,3,0,4,8,2,1,2,3,2,5,3,0,2,5,4,2,20,20
323,1,1,1,4,2,3,0,3,2,2,7,2,5,1,0,0,3,2,8,1,1,9,0,0,3,2,0,2,5,3,2,9,9
354,1,0,1,4,0,3,0,3,3,2,12,4,5,7,0,0,3,2,8,1,1,2,1,0,0,2,0,2,5,3,2,10,10
356,5,1,1,1,0,1,9,3,2,2,7,0,5,1,0,0,3,2,1,1,1,2,3,2,5,3,3,2,5,1,2,10,10
780,5,1,1,4,0,1,15,3,1,2,4,2,5,7,0,3,0,4,2,2,1,2,0,1,0,2,6,2,5,3,2,17,17
780,5,1,1,5,0,3,0,3,1,2,7,2,5,7,0,3,0,4,1,2,1,7,1,0,3,2,2,2,5,0,2,17,17
354,5,1,1,1,0,2,9,3,5,2,6,2,5,7,0,0,3,2,8,1,1,1,3,2,5,3,0,2,5,3,2,10,10
933,6,1,1,4,0,4,14,3,5,2,7,2,5,7,0,0,0,2,8,2,1,2,2,1,3,2,0,2,5,3,2,20,20
933,6,4,0,1,0,4,14,3,5,2,7,2,5,7,0,0,0,2,8,2,1,1,0,1,0,2,0,2,5,5,2,20,20
850,4,1,1,4,0,4,0,1,3,2,5,4,5,0,0,3,0,2,8,2,1,2,3,2,5,3,6,5,5,3,2,19,19
850,4,1,1,4,0,2,5,3,5,2,7,6,5,0,0,3,0,2,8,2,1,2,3,2,5,3,0,2,5,10,2,19,19
1002,4,0,1,4,2,2,0,3,3,2,9,2,5,0,0,3,0,4,2,1,1,2,1,0,4,2,0,2,5,3,2,22,22
1068,0,1,1,2,2,2,9,3,3,3,6,2,5,0,0,0,0,2,2,1,2,2,0,1,1,2,6,5,5,4,2,23,23
1068,0,1,1,4,0,2,0,3,5,3,6,0,5,0,0,0,0,2,8,1,2,2,2,0,4,2,0,2,2,16,2,23,23
472,2,2,1,4,0,1,0,4,1,3,3,1,9,1,0,0,3,2,8,2,1,2,2,1,3,2,0,2,5,10,1,12,12
472,2,0,1,1,0,2,5,3,5,3,4,2,5,1,0,0,3,2,8,2,1,2,0,0,0,2,3,2,5,3,1,12,12
397,3,1,1,4,0,1,0,3,1,2,7,4,5,7,0,0,3,2,8,1,1,2,1,0,0,2,0,2,5,12,2,10,10
826,3,4,1,4,0,4,6,3,5,3,6,4,5,1,0,3,0,2,8,1,1,2,2,0,4,2,0,2,1,12,2,18,18
672,1,3,1,1,0,1,17,3,5,2,6,6,5,2,0,0,3,2,8,2,1,3,2,0,1,2,0,2,1,12,1,15,15
672,1,4,0,4,0,1,0,3,5,3,9,2,5,2,0,0,3,2,8,2,1,2,0,1,4,2,0,2,5,12,1,15,15
224,6,1,1,4,0,1,0,3,5,3,9,5,5,7,0,3,3,4,8,1,1,2,3,2,5,3,0,2,5,10,2,7,7
620,4,1,1,4,0,2,0,3,5,2,12,2,5,0,0,3,3,4,8,1,1,2,2,0,1,1,0,2,5,9,2,14,14
990,4,1,1,4,0,2,11,0,5,2,7,2,5,0,0,0,0,2,8,2,1,2,2,0,4,2,0,2,5,10,2,21,21
990,4,0,2,4,0,6,17,0,5,2,0,4,5,0,0,0,0,2,5,2,1,2,2,0,4,2,6,5,1,0,2,21,21
866,4,0,1,4,2,2,0,3,5,2,6,6,5,7,0,0,0,2,8,1,1,2,2,1,0,1,0,2,6,0,2,19,19
811,3,2,1,4,0,1,0,3,5,2,2,2,5,0,0,3,0,4,2,1,1,2,0,0,1,2,6,5,5,11,2,18,18
692,2,0,1,4,0,4,7,0,5,2,2,2,5,7,0,0,3,2,8,1,1,2,0,1,1,2,0,2,5,9,2,16,16
512,3,0,1,4,0,0,14,3,5,2,9,0,5,7,0,0,3,2,8,2,1,2,0,1,4,2,2,2,5,0,2,13,13
512,3,1,1,4,0,4,5,3,3,2,9,2,5,7,0,0,3,2,8,2,1,2,3,2,5,3,3,2,5,10,2,13,13
438,2,2,1,4,0,3,15,3,5,2,9,0,5,1,0,3,3,2,8,3,1,2,0,1,4,2,0,2,5,12,2,11,11
438,2,4,0,4,0,4,7,3,3,2,9,2,5,1,0,3,3,2,8,3,1,2,3,2,5,3,6,5,5,1,2,11,11
438,2,2,1,4,0,1,9,3,0,2,7,0,5,1,0,3,3,2,8,3,1,2,1,0,1,2,3,2,5,10,2,11,11
675,2,1,1,4,0,0,0,3,5,2,7,2,5,1,0,0,3,2,2,1,1,2,0,1,1,2,6,5,5,10,2,16,16
585,3,3,1,1,0,2,0,3,1,2,9,2,5,0,0,0,3,2,2,1,1,2,2,1,4,2,6,5,5,7,1,14,14
676,1,1,1,4,2,4,10,3,5,2,7,6,5,7,0,0,3,2,8,1,1,2,3,2,5,3,0,5,5,11,2,16,16
377,1,1,1,4,0,4,5,3,5,2,2,4,5,7,0,0,3,2,2,2,6,2,0,1,1,2,6,5,5,0,2,10,10
377,1,1,1,6,0,4,5,3,5,2,7,4,5,7,0,0,3,2,2,2,6,7,1,0,0,2,5,2,5,10,2,10,10
377,1,1,1,4,0,0,4,3,5,2,6,4,5,7,0,0,3,2,8,2,6,2,1,0,1,2,0,2,5,3,2,10,10
377,1,1,1,1,2,2,6,3,1,2,6,2,5,7,0,0,3,2,8,2,6,2,1,1,0,2,0,2,5,10,2,10,10
377,1,1,1,4,0,1,5,3,5,3,9,4,5,7,0,0,3,2,2,2,6,2,3,2,5,3,0,2,5,1,2,10,10
377,1,4,1,4,2,4,14,3,5,3,7,2,5,7,0,0,3,2,8,2,6,11,0,1,3,2,6,5,5,16,2,10,10
425,1,0,1,6,0,2,0,3,3,3,4,4,5,7,0,0,3,2,8,1,1,2,1,1,3,2,0,2,5,3,2,11,11
803,2,1,1,6,0,2,7,3,5,3,6,2,5,0,0,0,0,2,8,3,1,2,2,0,4,2,0,2,5,9,2,18,18
803,2,4,1,4,0,2,7,1,5,3,1,2,5,0,0,0,0,2,8,3,1,2,3,2,5,3,3,2,5,10,2,18,18
803,2,4,0,4,0,1,15,3,0,2,9,2,5,0,0,0,0,2,8,3,1,2,0,1,0,2,0,2,5,16,2,18,18