Time,Day_of_week,Age_band_of_driver,Sex_of_driver,Educational_level,Vehicle_driver_relation,Driving_experience,Type_of_vehicle,Owner_of_vehicle,Service_year_of_vehicle,Defect_of_vehicle,Area_accident_occured,Lanes_or_Medians,Road_allignment,Types_of_Junction,Road_surface_type,Road_surface_conditions,Light_conditions,Weather_conditions,Type_of_collision,Number_of_vehicles_involved,Number_of_casualties,Vehicle_movement,Casualty_class,Sex_of_casualty,Age_band_of_casualty,Casualty_severity,Work_of_casuality,Fitness_of_casuality,Pedestrian_movement,Cause_of_accident,Accident_severity,Hour,Hour_of_Day
1045,2,0,1,4,0,1,6,3,1,2,9,4,3,1,0,0,0,2,8,2,1,2,0,1,1,2,6,5,5,3,2,23,23
82,3,4,1,4,0,2,0,4,5,3,13,2,5,1,0,0,0,2,8,1,1,4,2,1,1,2,0,5,3,9,2,2,2
595,5,2,1,4,0,2,0,4,5,3,13,2,5,0,0,0,3,2,8,2,1,2,3,2,5,3,0,2,5,9,2,14,14
595,5,4,0,4,0,6,5,3,0,2,6,4,5,0,0,0,3,2,8,2,1,2,0,1,0,2,3,2,5,1,2,14,14
595,4,4,0,4,2,2,0,3,3,2,5,2,7,7,4,0,3,2,8,1,1,2,0,1,4,2,1,2,5,12,2,14,14
429,4,1,1,4,0,1,11,3,3,2,2,2,3,1,3,0,3,2,8,1,1,2,3,2,5,3,0,2,5,2,2,11,11
424,0,1,1,4,0,4,5,3,5,2,6,6,7,7,3,0,3,2,2,2,1,2,0,1,0,2,2,2,5,5,2,11,11
424,0,4,1,4,0,0,11,3,3,3,2,2,3,7,0,0,3,2,8,2,1,2,3,2,5,3,3,2,5,1,2,11,11
999,2,1,1,4,0,4,5,4,5,3,6,6,7,7,0,0,0,2,2,2,1,3,0,0,0,2,3,2,5,3,2,22,22
999,2,4,1,4,0,3,5,0,5,2,6,4,5,7,2,0,0,2,8,2,1,2,3,2,5,3,1,2,5,10,2,22,22
649,6,3,1,4,0,4,5,3,0,2,12,2,5,7,0,0,3,2,8,2,1,2,0,0,0,2,3,2,5,0,2,15,15
649,6,3,1,4,0,1,9,3,4,2,9,2,5,7,0,0,3,2,7,2,1,2,0,1,4,1,6,5,5,10,2,15,15
351,5,1,1,4,0,0,9,3,5,2,6,6,7,7,0,0,3,2,1,2,1,2,3,2,5,3,0,2,5,10,2,9,9
351,5,4,1,1,0,2,14,3,5,2,11,6,5,7,0,0,3,2,8,2,1,2,0,1,0,2,0,2,5,7,2,9,9
803,5,1,1,4,2,4,5,3,5,2,7,2,5,7,2,0,3,2,8,1,1,2,2,0,1,1,0,2,5,16,2,18,18
739,5,1,1,4,0,4,0,3,5,2,9,4,5,7,0,0,3,2,8,2,1,2,0,1,0,2,0,2,5,3,2,17,17
739,5,0,1,6,0,4,8,3,5,2,6,4,5,7,0,0,3,2,1,2,1,1,3,2,5,3,6,5,5,5,2,17,17
270,5,0,1,4,0,0,0,3,5,2,6,4,5,7,0,0,3,2,2,1,1,2,3,2,5,3,0,2,5,9,2,8,8
1042,6,4,1,1,2,2,10,3,5,2,9,4,5,1,0,0,0,2,7,1,1,2,0,1,0,2,6,5,5,17,2,23,23
182,4,1,1,4,0,1,11,3,5,2,6,4,5,7,0,0,3,2,8,2,1,9,3,2,5,3,0,2,5,5,2,6,6
182,4,4,1,4,2,4,14,3,5,2,6,4,5,7,0,0,3,2,7,2,1,3,0,1,0,2,3,2,5,1,2,6,6
447,1,0,1,6,0,2,17,3,5,2,6,5,5,0,0,0,3,2,7,2,1,2,0,0,3,2,0,2,5,0,2,11,11
447,1,4,1,6,0,2,5,3,5,2,6,2,5,0,0,0,3,2,7,2,1,3,1,0,3,2,0,2,5,10,2,11,11
337,5,4,1,4,0,2,14,3,5,2,7,4,5,7,0,0,3,2,8,1,1,2,1,1,4,2,3,2,5,10,2,9,9
308,4,1,1,4,0,1,5,3,5,2,7,2,5,7,0,0,3,2,8,2,1,11,0,1,0,2,0,2,5,12,1,9,9
308,4,0,1,4,0,3,9,3,1,3,7,2,5,7,2,0,3,2,2,2,1,2,2,0,1,2,0,2,2,9,1,9,9
337,0,1,1,4,0,2,5,3,1,3,9,1,5,0,0,0,3,2,2,2,1,11,3,2,5,3,3,2,5,9,2,9,9
337,0,0,1,4,0,3,7,3,1,3,12,4,6,0,0,0,3,2,8,2,1,2,0,0,1,2,6,5,5,7,2,9,9
1023,4,3,1,4,0,1,14,3,1,3,9,4,6,7,0,0,0,2,8,1,1,11,3,2,5,3,3,2,5,0,2,22,22
922,4,0,1,4,0,4,0,3,1,2,6,2,5,0,0,0,0,2,8,2,1,2,0,1,0,2,3,2,5,0,2,20,20
922,4,1,1,4,0,4,11,3,5,2,2,1,5,0,2,0,0,2,8,2,1,2,3,2,5,3,3,2,5,12,2,20,20
906,0,1,1,4,2,2,7,3,5,2,7,4,5,0,0,0,0,2,8,2,1,2,0,1,1,2,0,2,5,1,2,20,20
906,0,1,1,4,0,1,5,3,1,2,7,1,5,0,0,0,0,2,6,2,1,2,3,2,5,3,6,5,5,1,2,20,20
524,3,0,1,1,0,4,0,3,2,2,7,2,5,0,0,0,3,2,8,2,1,2,3,2,5,3,4,2,5,3,2,13,13
524,3,4,1,4,0,1,11,3,5,2,7,2,5,0,0,0,3,2,2,2,1,4,0,1,1,2,0,2,5,0,2,13,13
1025,2,1,1,4,0,2,17,3,5,2,6,4,5,0,0,0,0,2,1,2,2,4,0,1,1,2,6,5,5,1,2,22,22
1025,2,1,1,2,0,3,0,3,5,2,6,3,5,0,0,0,0,2,8,2,2,2,3,2,5,3,3,2,5,5,2,22,22
1025,2,2,1,2,0,3,8,3,5,2,9,4,5,0,0,0,0,2,8,2,2,2,0,1,4,2,3,2,5,3,2,22,22
751,3,1,1,4,0,2,9,3,5,2,6,1,5,0,0,0,3,2,8,2,2,1,1,1,4,2,0,2,5,10,2,17,17
751,3,1,1,1,0,0,5,3,5,2,9,2,5,0,4,0,3,2,8,2,2,2,3,2,5,3,6,2,5,12,2,17,17
299,0,0,1,1,0,2,5,3,5,2,6,4,5,1,0,0,3,2,8,2,1,2,3,2,5,3,6,5,5,12,2,8,8
299,0,4,1,4,0,2,5,3,5,2,7,2,5,1,0,0,3,2,8,2,1,2,0,1,1,1,3,2,5,12,2,8,8
354,0,0,1,4,0,0,10,3,5,2,6,1,5,0,0,0,3,2,8,2,1,2,3,2,5,3,0,2,5,0,2,10,10
354,0,4,1,4,2,2,5,3,5,2,12,4,5,0,0,0,3,2,2,2,1,2,0,1,1,2,6,2,5,9,2,10,10
299,2,0,1,2,2,3,5,3,5,3,9,1,5,0,0,0,3,2,6,2,1,1,2,1,0,2,6,2,5,3,2,8,8
299,2,4,1,5,2,4,6,3,5,3,6,4,5,0,0,0,3,2,8,2,1,2,3,2,5,3,3,2,5,5,2,8,8
748,4,4,1,6,2,2,5,3,5,2,9,4,5,0,0,0,3,2,1,1,1,2,0,1,0,2,3,2,5,1,2,17,17
56,5,4,1,0,0,3,12,3,3,3,6,4,5,3,2,0,0,2,8,1,1,4,2,1,1,1,6,2,6,12,2,1,1
663,1,2,1,2,0,4,0,3,3,3,9,1,5,7,0,0,3,2,8,3,1,2,0,1,4,2,0,2,5,1,2,15,15
663,1,0,1,4,0,0,5,3,5,2,7,6,5,7,0,0,3,2,1,3,1,2,3,2,5,3,2,2,5,4,2,15,15
663,1,1,1,4,0,3,8,2,5,3,7,2,5,7,0,0,3,2,1,3,1,2,0,1,1,2,1,2,5,9,2,15,15
410,1,1,1,4,2,3,11,3,2,3,6,2,5,0,0,0,3,2,8,1,1,2,3,2,5,3,0,2,5,12,2,11,11
312,1,2,1,4,0,3,14,3,3,2,6,2,5,7,0,0,3,2,8,2,1,2,2,1,1,2,0,2,5,10,2,9,9
312,1,1,1,4,0,5,0,3,1,2,9,2,5,7,0,0,3,2,8,2,1,7,0,1,0,2,1,2,5,3,2,9,9
330,5,4,0,4,0,0,9,3,5,2,7,2,5,7,0,0,3,2,8,1,1,4,3,2,5,3,0,2,5,0,1,9,9
913,5,4,0,3,2,0,0,0,5,2,7,4,5,7,0,0,0,2,8,2,1,2,0,1,1,2,0,2,5,12,2,20,20
913,5,4,1,4,2,4,0,3,5,2,6,2,5,7,0,0,0,2,2,2,1,2,3,2,5,3,0,2,5,12,2,20,20
844,5,1,1,4,2,0,0,3,5,2,6,2,5,0,0,0,3,2,8,1,1,2,0,1,1,2,0,2,5,10,2,18,18
593,5,2,1,4,2,1,5,3,5,2,2,4,5,0,0,0,3,2,8,1,1,2,3,2,5,3,6,2,5,4,2,14,14
543,5,1,1,5,2,2,0,0,5,2,7,1,5,1,0,0,3,2,8,2,1,2,3,2,5,3,6,2,5,3,2,13,13
543,5,4,1,5,2,3,0,3,5,2,6,4,5,1,0,0,3,2,8,2,1,2,0,1,1,2,6,2,5,3,2,13,13
675,5,4,0,4,2,1,9,3,0,3,6,2,5,7,0,0,3,2,8,2,1,2,3,2,5,3,6,2,5,1,2,16,16
675,5,1,1,1,2,3,15,3,4,3,9,2,5,7,0,0,3,2,8,2,1,2,0,1,2,2,6,2,5,3,2,16,16
567,5,4,1,6,2,2,0,4,5,3,7,4,5,7,2,0,3,2,8,1,1,2,0,0,0,2,6,2,5,0,2,14,14
867,5,2,1,5,2,6,9,3,2,3,9,2,5,7,0,0,0,2,8,1,1,3,3,2,5,3,6,5,5,3,1,19,19
531,6,1,1,4,2,2,14,0,5,3,6,2,5,1,5,0,3,2,8,1,1,3,2,1,0,2,3,5,5,3,2,13,13
252,6,1,1,4,2,4,14,3,2,3,6,4,5,0,0,0,3,2,8,1,2,9,2,0,4,2,3,2,5,5,1,8,8
252,6,1,1,4,2,1,0,3,3,3,7,4,5,0,0,0,3,2,8,1,2,4,0,1,0,2,6,2,5,3,1,8,8
524,6,0,1,1,0,1,5,3,0,2,7,6,3,0,0,0,3,2,8,2,2,4,3,2,5,3,6,5,5,10,2,13,13
524,6,0,1,4,0,1,0,3,1,3,6,1,3,0,0,0,3,2,8,2,2,2,0,1,0,2,0,2,5,3,2,13,13
1026,6,1,1,4,0,1,9,3,5,2,9,2,5,0,0,0,0,2,8,1,1,2,3,2,5,3,6,5,5,4,2,22,22
1024,6,1,1,4,0,2,0,3,5,2,7,2,5,0,0,0,0,2,8,2,2,4,3,2,5,3,6,5,5,16,2,22,22
1024,6,1,1,4,0,2,0,1,1,3,9,4,5,0,0,0,0,2,2,2,2,4,0,0,3,2,6,5,5,10,2,22,22
1024,6,4,1,4,0,3,5,3,5,2,2,2,5,0,0,0,0,2,8,2,2,2,3,2,5,3,2,2,5,3,2,22,22
748,1,1,1,1,0,2,0,0,5,2,9,2,5,5,0,0,0,2,8,1,1,7,0,1,4,2,1,2,5,12,2,17,17
379,2,1,1,4,0,2,6,3,5,2,6,1,5,1,3,3,3,4,8,2,2,4,2,0,4,2,3,2,5,12,2,10,10
865,3,0,1,4,0,3,17,0,4,2,9,2,5,1,0,0,3,2,8,1,1,9,2,0,2,2,0,2,5,12,1,19,19
712,0,4,1,1,2,6,0,3,5,2,7,1,5,3,0,0,3,2,1,2,1,2,1,1,4,2,6,5,5,12,2,16,16
712,0,0,1,4,2,2,0,3,5,3,4,2,5,3,0,0,3,2,8,2,1,2,1,0,4,2,2,2,5,10,2,16,16
717,3,1,1,4,0,2,0,3,5,3,2,2,5,7,0,0,3,2,8,2,1,2,1,1,4,2,6,5,5,9,2,16,16
717,3,1,1,4,0,4,11,3,1,2,9,4,3,7,0,0,3,2,8,2,1,2,0,1,0,2,0,2,5,10,2,16,16
694,4,2,1,5,3,6,17,4,5,3,13,2,5,1,0,0,3,2,8,1,1,2,2,1,3,2,0,2,1,0,2,16,16
840,6,3,1,4,0,2,0,4,5,3,13,2,5,7,0,0,3,2,8,2,1,2,3,2,5,3,0,2,5,0,2,18,18
840,6,1,1,4,0,2,0,3,0,2,6,4,5,7,0,0,3,2,8,2,1,2,0,1,0,2,0,2,5,11,2,18,18
264,0,0,1,4,0,3,7,3,3,2,5,2,7,7,0,0,3,2,8,2,1,2,3,2,5,3,0,2,5,9,2,8,8
264,0,2,1,2,0,3,14,3,3,2,2,2,3,7,0,0,3,2,8,2,1,2,0,1,1,2,0,2,5,0,2,8,8
331,1,2,1,4,0,3,5,3,5,2,6,6,7,0,0,0,3,2,1,1,1,4,3,2,5,3,0,2,5,10,1,9,9
703,0,1,1,4,0,3,15,3,3,3,2,2,3,7,0,0,3,2,8,1,1,2,0,1,2,2,0,2,5,12,2,16,16
956,4,0,1,4,0,3,7,4,5,3,6,6,7,1,0,0,2,7,8,2,1,2,0,1,1,2,3,2,5,1,2,21,21
956,4,4,1,4,0,3,9,0,5,2,6,4,5,1,0,0,2,7,8,2,1,3,3,2,5,3,2,2,5,10,2,21,21
791,0,4,0,4,0,2,0,3,0,2,12,2,5,1,0,0,3,2,8,1,1,2,0,1,1,2,0,2,5,10,2,18,18
917,1,3,1,4,0,1,0,3,4,2,9,2,5,7,0,3,3,4,2,2,1,3,3,2,5,3,0,2,5,7,2,20,20
917,1,1,1,4,0,4,10,3,5,2,6,6,7,7,0,3,3,4,8,2,1,4,2,0,3,1,3,2,5,11,2,20,20
131,2,0,1,4,0,4,5,3,5,2,11,6,5,1,4,0,0,2,8,2,1,2,2,0,0,2,0,2,5,0,2,4,4
131,2,4,1,4,0,1,5,3,5,2,7,2,5,1,0,0,0,2,8,2,1,7,3,2,5,3,0,2,5,10,2,4,4
259,4,0,1,1,0,4,4,3,5,2,9,4,5,1,0,0,3,2,8,1,1,2,0,1,0,2,0,2,5,3,2,8,8
340,4,4,0,4,0,4,6,3,5,2,6,4,5,4,0,0,3,2,8,2,1,4,0,0,1,2,2,2,5,10,2,9,9
340,4,0,1,4,0,6,5,3,5,2,6,4,5,4,0,0,3,2,8,2,1,4,3,2,5,3,6,2,5,1,2,9,9
533,4,2,1,5,0,2,14,3,5,2,9,4,5,1,0,0,3,7,8,1,1,4,0,0,1,2,0,2,5,16,2,13,13
492,2,0,1,6,0,4,0,3,5,2,6,4,5,1,0,0,3,2,2,1,1,8,3,2,5,3,0,2,5,3,2,12,12
447,0,0,1,4,0,4,7,3,5,2,6,4,5,1,0,0,3,2,8,1,1,4,0,1,0,2,0,2,5,9,1,11,11
614,0,1,1,4,0,0,7,3,5,2,6,5,5,3,4,0,3,7,8,2,3,4,3,2,5,3,0,2,5,10,2,14,14
614,0,0,1,1,0,3,15,3,5,2,6,2,5,3,0,0,3,7,8,2,3,4,2,0,3,2,0,2,5,16,2,14,14
614,0,0,1,1,0,3,0,3,5,2,7,4,5,3,0,0,3,7,8,2,3,2,3,2,5,3,6,5,5,3,2,14,14
614,0,0,1,1,0,4,3,3,5,2,7,2,5,3,0,0,3,7,6,2,3,2,1,0,4,2,0,2,5,3,2,14,14
689,6,4,1,2,0,1,3,3,1,3,7,2,5,0,0,0,3,2,8,2,1,2,2,1,2,1,0,2,5,9,2,16,16
689,6,2,1,4,0,1,5,3,1,3,9,1,5,0,0,0,3,2,8,2,1,2,3,2,5,3,0,2,5,3,2,16,16
1066,2,4,1,0,0,3,5,3,1,3,12,4,6,1,0,3,0,2,2,2,1,2,1,0,0,1,0,2,5,4,2,23,23
1066,2,0,1,4,0,1,4,3,1,3,9,4,6,1,0,3,0,2,8,2,1,2,2,1,1,2,3,2,5,0,2,23,23
641,5,4,1,4,0,1,0,3,1,2,6,2,5,1,0,0,3,2,8,2,1,2,3,2,5,3,6,5,5,10,2,15,15
641,5,1,1,2,0,0,15,3,5,2,2,1,5,1,5,0,3,2,8,2,1,2,0,1,0,2,0,2,5,10,2,15,15
616,5,1,1,4,0,2,7,3,5,2,7,4,5,7,4,0,3,2,2,2,1,2,3,2,5,3,3,2,5,1,1,14,14
616,5,3,1,4,0,4,0,3,1,2,7,1,5,7,0,0,3,2,2,2,1,2,0,1,4,2,0,2,5,5,1,14,14
885,5,2,1,4,0,4,0,3,2,2,7,2,5,1,0,0,1,2,8,2,1,2,2,1,1,2,1,2,5,1,1,19,19
885,5,1,1,1,0,6,0,3,5,2,7,2,5,1,0,0,1,2,8,2,1,7,2,0,3,1,0,2,5,0,1,19,19
768,2,1,1,4,0,4,0,3,5,2,6,4,5,0,0,0,3,2,2,2,8,2,0,1,1,2,3,2,5,9,2,17,17
768,2,1,1,4,0,0,11,3,5,2,6,3,5,0,1,0,3,2,2,2,8,4,3,2,5,3,6,5,5,10,2,17,17
768,2,1,1,1,0,1,4,3,5,2,9,4,5,0,5,0,3,2,8,2,8,11,0,1,1,2,0,2,5,1,2,17,17
768,2,1,1,2,0,0,5,3,5,2,6,1,5,0,0,0,3,2,8,2,8,1,0,1,0,2,0,2,5,9,2,17,17
768,2,1,1,4,0,2,5,3,5,2,9,2,5,0,0,0,3,2,8,2,8,2,2,0,4,2,0,2,5,10,2,17,17
768,2,0,1,4,0,4,14,3,5,2,6,4,5,0,0,0,3,2,2,2,8,2,3,2,5,3,6,2,5,4,2,17,17
768,2,0,1,2,0,3,7,3,5,2,7,2,5,0,0,0,3,2,8,2,8,2,0,1,0,2,6,5,5,4,2,17,17
768,2,0,1,1,2,2,0,3,5,2,6,1,5,0,2,0,3,2,8,2,8,2,0,1,0,2,0,2,5,9,2,17,17
614,4,4,0,1,0,4,8,3,5,2,12,4,5,5,0,0,3,2,8,2,1,9,3,2,5,3,6,2,5,9,2,14,14
614,4,0,1,4,0,2,6,3,5,3,9,1,5,5,0,0,3,2,6,2,1,0,3,2,5,3,6,2,5,16,2,14,14
713,5,1,1,1,2,2,0,3,5,3,6,4,5,5,0,3,3,4,8,1,1,0,0,1,0,2,3,2,5,3,2,16,16
854,4,0,2,4,0,1,8,3,5,2,9,4,5,1,0,0,3,2,8,1,1,0,1,0,3,2,3,2,5,0,2,19,19
939,4,0,1,4,0,3,6,3,5,2,6,4,5,1,0,0,0,2,1,1,1,0,0,1,0,1,6,2,5,5,0,20,20
899,4,1,1,4,0,2,14,3,1,2,6,2,5,3,0,0,0,2,8,2,1,4,3,2,5,3,0,2,5,10,2,19,19
899,4,0,1,2,0,0,5,3,5,3,9,4,5,3,0,0,0,2,8,2,1,0,0,1,0,2,2,2,5,9,2,19,19
668,4,1,1,1,0,2,15,3,5,3,7,2,5,1,0,0,3,3,8,1,1,9,3,2,5,3,1,2,5,0,2,15,15
703,0,4,0,1,0,1,0,3,3,3,4,4,5,7,0,0,3,2,8,2,1,0,3,2,5,3,0,2,5,1,1,16,16
703,0,1,1,4,0,4,3,3,5,3,6,2,5,7,0,0,3,2,2,2,1,0,0,1,0,2,0,2,5,10,1,16,16
601,4,4,1,4,0,4,0,1,5,3,1,2,5,0,0,0,3,2,8,2,1,0,2,0,1,2,1,2,5,2,2,14,14
601,4,2,1,4,0,2,9,3,0,2,9,2,5,0,3,0,3,2,8,2,1,0,3,2,5,3,0,2,5,1,2,14,14
556,4,2,1,4,2,2,4,3,3,3,9,4,5,1,0,0,3,2,8,2,2,0,0,1,0,2,0,2,5,12,1,13,13
556,4,0,1,1,0,0,8,3,2,3,2,4,3,1,0,0,3,2,8,2,2,4,0,1,0,2,0,2,5,10,1,13,13
752,1,1,1,4,0,6,5,3,2,3,9,4,5,1,0,0,3,2,2,1,1,2,3,2,5,3,0,2,5,18,2,17,17
388,3,1,1,1,0,3,7,3,5,2,13,6,5,1,0,0,3,2,8,2,2,2,0,1,1,2,6,2,5,10,2,10,10
388,3,1,1,4,2,0,0,3,2,2,7,4,5,1,0,0,3,2,2,2,2,4,3,2,5,3,6,2,5,1,2,10,10
1057,2,1,1,5,3,6,3,3,5,3,7,3,5,7,0,0,0,2,8,2,1,2,0,1,4,2,6,2,5,10,2,23,23
1057,2,0,1,4,0,3,4,3,5,2,2,3,5,7,0,0,0,2,6,2,1,2,3,2,5,3,6,2,5,0,2,23,23
196,6,2,1,1,2,1,3,0,5,2,7,3,5,7,0,0,0,2,8,1,1,2,0,0,1,2,6,2,5,3,2,6,6
703,4,2,1,4,0,2,0,3,5,2,2,3,5,1,0,0,3,2,8,3,1,2,3,2,5,3,6,2,5,1,2,16,16
703,4,0,1,4,0,4,15,3,5,2,2,2,5,1,0,0,3,2,8,3,1,2,0,1,3,2,6,5,5,12,2,16,16
703,4,1,1,4,0,2,15,3,3,2,7,4,5,1,0,0,3,2,8,3,1,7,3,2,5,3,3,5,5,10,2,16,16
410,2,1,1,2,0,3,3,0,2,2,7,4,5,7,0,0,3,2,8,1,1,3,3,2,5,3,3,2,5,11,2,11,11
292,6,0,1,4,0,2,4,3,2,2,12,6,5,5,0,3,3,4,1,2,1,5,0,1,1,2,6,2,5,11,2,8,8
292,6,0,1,1,0,0,4,3,3,2,9,4,5,5,0,3,3,4,6,2,1,2,0,1,1,2,6,5,5,12,2,8,8
291,5,1,1,4,0,6,3,4,0,2,7,2,5,0,0,3,3,4,8,2,3,2,1,1,0,2,0,2,5,0,2,8,8
291,5,1,1,1,0,0,16,3,3,2,6,4,5,0,0,3,3,4,6,2,3,2,1,0,0,2,6,5,5,0,2,8,8
291,5,1,1,4,2,0,3,3,3,2,9,4,5,0,0,3,3,4,8,2,3,7,3,2,5,3,6,5,5,10,2,8,8
1011,1,0,1,0,2,0,3,3,3,2,7,1,3,1,0,0,0,2,8,2,1,2,0,1,1,2,6,5,5,12,2,22,22
1011,1,4,0,4,2,2,10,3,3,2,9,2,5,1,0,0,0,2,8,2,1,2,3,2,5,3,2,2,5,10,2,22,22
624,1,4,0,4,0,2,0,3,2,2,9,4,5,7,0,0,3,2,4,1,1,4,3,2,5,3,1,2,5,10,1,15,15
453,2,2,1,1,0,2,0,3,5,2,9,2,5,7,0,0,3,2,8,2,1,0,0,1,0,2,3,2,5,1,2,11,11
453,2,0,1,2,2,4,8,3,0,2,7,6,5,7,4,0,3,2,2,2,1,9,3,2,5,3,0,2,5,0,2,11,11
450,2,0,1,4,0,3,17,3,2,2,7,4,5,1,5,0,3,2,8,2,1,2,1,0,1,2,6,5,5,10,2,11,11
450,2,0,1,4,0,2,14,3,2,2,7,1,5,1,0,0,3,2,8,2,1,2,1,1,4,2,2,2,5,17,2,11,11
956,1,0,1,4,0,4,17,3,0,2,3,4,5,0,0,0,0,2,8,2,1,2,2,1,0,1,6,5,5,12,2,21,21
956,1,4,1,4,0,3,0,3,1,2,9,4,5,0,0,0,0,2,1,2,1,2,0,1,1,2,0,2,5,9,2,21,21
588,6,1,1,4,0,2,0,3,2,2,9,1,5,1,0,0,3,2,8,1,2,2,3,2,5,3,0,2,5,5,2,14,14
588,6,1,1,4,2,3,3,3,2,2,9,4,5,1,0,0,3,2,8,1,2,2,3,2,5,3,0,2,5,9,2,14,14
274,6,1,1,4,0,2,10,3,0,2,7,2,5,3,0,3,3,4,8,2,1,2,0,1,0,2,0,2,5,1,2,8,8
274,6,0,1,4,0,0,10,3,0,2,6,2,5,3,0,3,3,4,6,2,1,2,0,1,0,2,0,2,5,15,2,8,8
602,2,0,1,4,0,0,4,3,1,2,7,6,5,3,0,0,3,2,2,2,1,1,3,2,5,3,0,2,5,5,1,14,14
602,2,0,1,4,0,0,4,3,5,2,6,0,5,3,0,0,3,2,8,2,1,1,0,1,1,2,0,2,5,3,1,14,14
668,1,0,1,2,0,1,8,3,5,2,9,2,5,7,0,0,3,2,8,1,2,1,3,2,5,3,0,2,5,10,2,15,15
668,1,0,1,2,2,3,0,3,5,2,6,0,1,7,0,0,3,2,2,1,2,3,2,1,0,2,3,2,1,12,2,15,15
490,2,2,1,1,0,1,0,3,5,2,6,0,5,0,0,0,3,2,8,1,1,2,0,1,4,2,2,2,5,15,1,12,12
407,6,2,1,4,0,3,0,1,5,2,7,0,5,7,4,3,3,4,8,2,1,2,3,2,5,3,0,2,5,5,2,11,11
407,6,2,1,2,0,1,3,3,5,2,6,2,5,7,0,3,3,4,8,2,1,12,0,1,0,2,0,2,5,1,2,11,11
774,6,0,1,4,1,5,3,3,5,2,6,5,5,0,0,3,1,2,6,2,1,2,3,2,5,3,3,2,5,1,2,17,17
774,6,2,1,4,0,0,0,0,5,3,6,1,5,0,0,3,1,2,6,2,1,4,0,1,4,2,0,2,5,1,2,17,17
728,4,0,1,4,2,2,14,3,5,3,7,4,5,7,0,0,3,2,1,1,1,2,3,2,5,3,0,2,5,1,2,16,16
379,2,0,1,4,0,0,17,3,5,3,9,5,5,0,0,3,3,4,8,1,1,2,2,1,3,2,0,2,5,9,2,10,10
811,6,3,1,4,0,3,7,3,1,2,9,2,1,7,0,0,3,2,8,2,2,2,0,1,2,2,2,2,5,10,1,18,18
811,6,3,1,4,0,0,13,3,2,3,2,2,5,7,0,0,3,2,8,2,2,2,0,1,0,2,6,2,5,15,1,18,18
755,1,1,1,4,0,0,5,3,2,3,7,2,5,5,0,0,0,2,1,1,1,5,3,2,5,3,0,2,5,10,2,17,17
693,0,1,1,4,0,1,8,3,5,3,9,2,5,5,0,0,3,2,1,1,1,2,2,0,3,2,0,2,6,3,2,16,16
944,3,3,1,2,0,0,4,3,1,3,7,4,5,7,4,3,0,4,8,2,1,2,3,2,5,3,0,2,5,10,2,20,20
944,3,0,1,4,0,0,5,3,1,3,9,4,5,7,0,3,0,4,8,2,1,2,0,0,1,1,0,2,5,10,2,20,20
1023,6,0,1,1,0,3,6,3,1,3,9,2,5,1,0,0,0,2,8,1,3,9,0,1,0,2,0,2,5,10,2,22,22
1023,6,0,1,4,0,3,0,3,2,2,7,2,5,1,5,0,0,2,2,1,3,2,3,2,5,3,0,2,5,1,2,22,22
1023,6,0,1,1,0,3,0,4,5,3,7,2,5,1,0,0,0,2,8,1,3,2,0,1,1,2,0,2,5,10,2,22,22
154,6,1,1,4,0,3,0,3,5,2,7,4,5,1,0,3,0,4,2,2,1,1,0,1,1,2,6,5,5,12,2,5,5
154,6,4,0,4,0,0,14,3,5,2,7,0,5,1,0,3,0,4,8,2,1,3,0,1,0,2,0,2,5,0,2,5,5
323,1,2,1,4,0,2,17,3,5,3,9,2,5,1,2,0,3,2,8,2,1,1,3,2,5,3,0,2,5,9,2,9,9
323,1,0,1,2,2,1,11,3,1,3,1,4,5,1,0,0,3,2,2,2,1,5,0,1,0,2,3,2,5,3,2,9,9
327,6,4,1,4,0,1,11,3,5,3,7,6,5,7,0,3,3,4,8,2,1,2,3,2,5,3,0,2,5,0,2,9,9
327,6,1,2,4,0,2,14,3,5,3,6,4,5,7,0,3,3,4,8,2,1,2,0,0,0,2,6,5,5,11,2,9,9
547,3,1,1,4,0,2,0,4,5,3,7,4,5,7,0,0,3,2,2,3,2,2,3,2,5,3,6,2,5,10,2,13,13
547,3,2,1,4,0,1,2,3,5,3,6,4,5,7,0,0,3,2,2,3,2,7,0,1,4,2,0,2,5,10,2,13,13
547,3,1,1,2,0,3,0,3,5,3,6,1,5,7,0,0,3,2,8,3,2,1,3,2,5,3,6,5,5,17,2,13,13
128,2,0,1,1,0,2,5,3,5,3,6,4,5,0,0,0,0,2,8,2,2,2,0,1,0,2,0,2,5,10,2,4,4
128,2,2,1,4,0,3,0,3,5,2,7,4,5,0,0,0,0,2,8,2,2,2,3,2,5,3,2,2,5,6,2,4,4
83,4,0,1,6,0,1,10,0,5,3,7,0,5,7,0,0,0,2,8,1,2,2,3,2,5,3,2,2,5,9,1,2,2
83,4,0,1,4,0,1,13,3,5,2,6,3,5,7,0,0,0,2,8,1,2,7,0,1,0,2,3,2,5,11,1,2,2