Time,Day_of_week,Age_band_of_driver,Sex_of_driver,Educational_level,Vehicle_driver_relation,Driving_experience,Type_of_vehicle,Owner_of_vehicle,Service_year_of_vehicle,Defect_of_vehicle,Area_accident_occured,Lanes_or_Medians,Road_allignment,Types_of_Junction,Road_surface_type,Road_surface_conditions,Light_conditions,Weather_conditions,Type_of_collision,Number_of_vehicles_involved,Number_of_casualties,Vehicle_movement,Casualty_class,Sex_of_casualty,Age_band_of_casualty,Casualty_severity,Work_of_casuality,Fitness_of_casuality,Pedestrian_movement,Cause_of_accident,Accident_severity,Hour,Hour_of_Day
562,3,1,1,1,0,0,4,3,3,3,9,6,5,5,0,0,3,2,8,4,3,2,1,0,3,2,0,2,5,17,1,13,13
562,3,4,1,1,0,6,8,3,2,0,2,6,5,5,0,0,3,2,8,4,3,2,2,1,1,2,6,5,6,10,1,13,13
562,3,4,1,4,0,0,0,3,5,2,6,4,5,5,0,0,3,2,2,4,3,2,2,0,1,2,0,2,6,3,1,13,13
464,1,4,1,5,0,2,0,3,5,2,6,2,7,1,0,0,3,2,8,2,1,2,0,1,1,2,3,2,5,10,2,12,12
464,1,1,1,1,2,0,0,0,5,2,6,2,0,1,0,0,3,2,8,2,1,2,3,2,5,3,6,5,5,0,2,12,12
679,0,4,1,4,0,2,3,3,1,3,7,4,7,1,0,0,3,2,8,2,1,2,0,0,1,2,3,2,5,11,2,16,16
679,0,0,1,4,0,1,3,3,1,3,7,4,5,1,0,0,3,2,8,2,1,2,3,2,5,3,3,2,5,10,2,16,16
728,4,4,1,4,0,1,0,3,5,2,9,2,5,7,0,0,3,2,8,2,1,2,2,1,0,2,6,5,1,10,2,16,16
728,4,1,1,4,0,2,14,3,5,3,7,2,5,7,0,0,3,2,8,2,1,2,0,1,0,2,0,2,5,0,2,16,16
20,6,1,1,4,2,4,17,3,4,3,7,4,6,1,0,0,0,2,8,2,1,3,3,2,5,3,0,2,5,10,2,0,0
20,6,4,0,2,0,4,7,3,2,3,7,2,5,1,0,0,0,2,2,2,1,2,2,1,0,2,2,2,3,0,2,0,0
294,6,4,1,4,0,6,13,0,2,2,7,4,5,0,0,0,3,2,8,1,1,3,2,0,3,2,3,2,5,10,2,8,8
417,6,4,0,4,0,4,5,3,1,2,7,0,6,1,0,0,3,2,8,1,1,3,3,2,5,3,3,2,5,10,2,11,11
137,2,0,1,4,0,1,8,3,5,2,7,2,5,7,0,0,3,2,8,2,1,2,0,1,1,2,0,2,5,10,2,4,4
137,2,1,1,4,0,1,4,3,1,3,2,2,5,7,0,0,3,2,8,2,1,2,0,1,3,2,1,2,5,0,2,4,4
484,6,0,1,4,0,2,5,3,2,3,7,4,5,3,0,3,3,4,6,2,2,2,3,2,5,3,6,5,5,1,2,12,12
484,6,1,1,1,0,2,6,1,1,3,4,2,5,3,1,3,3,4,8,2,2,2,2,1,0,2,0,2,5,9,2,12,12
484,6,1,1,5,2,2,0,3,5,2,9,0,5,3,0,3,3,4,8,2,2,2,2,0,0,2,0,2,5,1,2,12,12
802,4,0,1,4,0,2,0,0,3,2,7,2,5,1,0,0,3,2,2,3,1,2,1,0,1,2,0,2,5,10,2,18,18
802,4,0,1,4,2,2,0,3,5,2,6,2,5,1,0,0,3,2,8,3,1,11,3,2,5,3,3,2,5,16,2,18,18
802,4,1,1,3,0,1,14,3,5,2,4,5,5,1,0,0,3,2,8,3,1,4,0,1,1,2,6,2,5,13,2,18,18
951,5,0,1,4,0,2,17,3,0,2,4,0,5,0,3,0,3,2,8,2,1,2,1,1,3,2,2,2,5,13,2,20,20
951,5,1,1,4,0,4,11,3,5,2,7,2,5,0,0,0,3,2,2,2,1,11,3,2,5,3,0,2,5,1,2,20,20
649,3,1,1,4,0,0,11,1,3,3,3,2,5,0,0,3,3,4,2,2,1,5,0,1,3,2,0,2,5,11,2,15,15
649,3,4,0,1,0,1,14,3,5,3,6,1,5,0,0,3,3,4,8,2,1,7,3,2,5,3,0,2,5,12,2,15,15
750,6,1,1,1,0,1,0,3,1,2,2,4,5,0,0,0,3,2,8,2,1,2,0,1,1,2,6,5,5,0,2,17,17
750,6,3,1,1,0,2,2,1,2,2,3,4,7,0,0,0,3,2,2,2,1,4,0,0,0,2,0,2,5,0,2,17,17
748,6,1,1,4,0,2,0,3,3,2,6,6,5,1,0,0,3,2,2,1,1,3,0,1,3,2,0,2,5,16,2,17,17
538,5,0,1,5,3,6,5,3,1,2,7,2,0,1,0,0,3,2,8,2,2,2,0,1,0,2,6,5,5,10,2,13,13
538,5,2,1,4,0,3,0,3,0,3,6,4,5,1,0,0,3,2,8,2,2,4,3,2,5,3,0,2,5,12,2,13,13
206,3,1,1,4,0,3,10,3,1,3,6,2,7,7,0,0,3,2,8,2,1,3,0,1,0,2,0,2,5,1,2,7,7
206,3,1,1,4,2,3,13,3,5,2,7,0,3,7,0,0,3,2,2,2,1,2,3,2,5,3,3,2,5,0,2,7,7
724,2,0,1,4,0,7,0,3,0,2,6,4,6,7,0,0,3,2,8,2,2,2,0,0,0,2,0,2,5,10,1,16,16
724,2,1,1,4,0,2,10,3,5,2,9,4,5,7,0,0,3,2,8,2,2,3,3,2,5,3,0,2,5,3,1,16,16
219,0,0,1,4,0,1,17,3,5,3,7,2,5,7,0,0,3,2,8,2,1,2,2,0,0,2,0,2,1,11,2,7,7
219,0,0,1,1,0,2,5,3,1,3,6,0,5,7,0,0,3,2,6,2,1,1,2,0,0,2,0,2,0,3,2,7,7
1069,4,4,0,4,0,1,5,3,2,3,6,4,7,1,0,0,0,2,8,1,1,2,2,1,1,2,0,2,6,9,0,23,23
888,3,4,1,2,2,2,9,4,5,3,6,6,5,1,0,3,0,4,8,1,1,2,2,0,0,2,0,2,5,10,2,19,19
595,5,4,1,4,0,3,5,3,2,2,7,2,6,1,0,0,3,2,1,2,3,3,2,1,2,2,0,2,5,10,2,14,14
595,5,0,1,4,0,1,5,3,5,2,2,4,5,1,0,0,3,2,8,2,3,2,0,1,1,1,6,5,5,10,2,14,14
595,5,0,1,1,0,1,9,3,5,2,4,4,5,1,0,0,3,2,8,2,3,2,2,1,1,2,0,2,5,0,2,14,14
595,5,0,1,2,2,3,11,3,0,2,6,0,5,1,0,0,3,2,8,2,3,2,0,1,1,2,6,5,5,0,2,14,14
585,2,4,1,1,0,0,0,3,5,2,2,4,5,1,2,0,3,2,8,2,1,2,3,2,5,3,0,2,5,9,2,14,14
585,2,1,2,4,0,3,8,3,5,3,6,4,5,1,0,0,3,2,2,2,1,2,2,1,3,2,2,2,5,1,2,14,14
233,0,1,1,5,3,6,14,3,5,2,6,6,5,1,0,0,3,2,8,2,1,3,0,1,1,2,3,2,5,12,2,7,7
233,0,4,1,4,2,2,7,3,5,3,9,2,5,1,0,0,3,2,8,2,1,2,1,0,3,2,0,2,5,9,2,7,7
234,5,0,1,0,0,2,17,3,2,3,6,2,5,7,0,0,3,2,8,2,2,2,3,2,5,3,6,5,5,16,2,7,7
234,5,0,1,4,0,2,0,3,2,3,9,4,5,7,0,0,3,2,8,2,2,3,2,1,1,1,3,2,5,0,2,7,7
919,2,1,1,4,0,3,14,3,1,3,6,0,5,0,0,0,0,2,2,2,1,3,2,1,0,2,6,5,6,1,2,20,20
919,2,4,1,4,0,0,8,3,1,2,6,0,5,0,0,0,0,2,8,2,1,2,2,1,0,2,6,5,6,16,2,20,20
688,1,0,1,4,0,1,5,4,5,2,7,2,5,0,0,0,3,2,2,1,1,2,0,1,1,2,0,5,5,14,2,16,16
699,5,0,1,4,0,4,0,3,5,2,7,2,5,0,0,0,3,2,8,2,1,2,3,2,5,3,6,5,5,13,1,16,16
699,5,0,1,4,0,3,17,3,3,2,9,2,5,0,1,0,3,2,6,2,1,2,1,0,1,2,5,2,5,12,1,16,16
981,3,4,0,4,0,0,5,3,5,3,2,2,5,1,0,0,0,2,8,2,1,2,3,2,5,3,0,2,5,1,1,21,21
981,3,0,1,0,0,2,5,0,5,2,2,0,5,1,0,0,0,2,8,2,1,2,0,1,3,2,0,2,5,9,1,21,21
566,2,4,1,4,0,2,5,3,1,2,9,0,5,7,0,0,3,2,8,2,1,2,3,2,5,3,0,2,5,0,1,14,14
566,2,0,1,1,2,4,8,3,5,2,6,2,6,7,0,0,3,2,8,2,1,2,0,1,0,2,6,5,5,11,1,14,14
471,1,2,1,5,3,6,8,3,2,2,6,2,6,7,0,0,3,2,8,2,1,2,2,1,0,2,0,2,5,10,2,12,12
471,1,0,1,4,0,3,0,3,1,3,9,2,5,7,0,0,3,2,1,2,1,2,0,1,3,2,0,2,5,12,2,12,12
446,6,2,1,4,3,6,7,3,2,3,2,6,5,1,0,0,3,2,6,1,1,4,3,2,5,3,3,2,5,10,1,11,11
800,4,1,1,4,0,0,17,3,5,3,7,2,5,1,0,0,3,2,8,1,1,2,1,0,3,2,0,2,5,10,2,18,18
388,1,1,1,4,2,1,0,3,5,3,6,2,5,7,0,0,3,2,6,2,1,7,1,1,4,2,6,5,5,9,2,10,10
388,1,0,1,5,0,7,6,3,5,3,7,2,5,7,0,0,3,2,8,2,1,2,0,0,1,2,6,2,5,1,2,10,10
727,3,1,1,4,0,3,0,3,5,3,7,2,5,7,0,0,3,2,8,1,1,7,3,2,5,3,0,2,5,11,2,16,16
1054,3,0,1,4,2,1,0,3,5,3,13,5,5,7,0,0,0,2,8,1,1,2,0,1,1,2,6,5,5,9,2,23,23
432,3,4,1,4,0,2,9,0,1,3,9,2,9,1,0,0,3,2,4,2,1,7,3,2,5,3,0,2,5,7,2,11,11
432,3,0,1,4,0,1,0,3,4,3,2,4,5,1,0,0,3,2,8,2,1,11,3,2,5,3,2,2,5,16,2,11,11
821,6,0,1,4,0,0,11,3,3,2,9,5,5,0,0,0,3,2,2,1,1,2,0,1,4,2,2,2,5,14,2,18,18
542,0,1,1,4,0,2,5,3,2,2,6,4,5,1,0,3,3,4,8,2,4,7,0,1,1,2,3,2,5,1,2,13,13
542,0,1,1,4,0,1,11,3,5,2,1,6,9,1,0,3,3,4,8,2,4,4,3,2,5,3,0,2,5,8,2,13,13
542,0,1,1,1,0,2,17,0,5,2,6,6,6,1,0,3,3,4,8,2,4,2,1,0,3,2,0,2,5,13,2,13,13
542,0,2,1,0,2,2,17,3,2,2,4,6,5,1,5,3,3,4,1,2,4,2,3,2,5,3,0,2,5,0,2,13,13
674,5,1,1,4,0,1,0,4,5,3,13,5,9,0,0,0,3,2,8,2,1,2,0,1,0,2,6,5,5,1,2,15,15
674,5,0,1,4,0,1,0,3,5,2,9,4,5,0,0,0,3,2,8,2,1,3,2,0,0,2,6,5,6,11,2,15,15
864,1,1,1,4,0,1,5,0,3,2,9,6,5,7,0,0,3,2,8,2,1,2,2,0,0,2,0,2,1,15,2,19,19
864,1,2,1,4,0,2,0,3,0,2,4,6,5,7,0,0,3,2,6,2,1,2,3,2,5,3,2,2,5,0,2,19,19
811,4,0,1,4,0,0,10,3,1,2,9,4,5,1,0,0,3,2,2,1,1,2,0,1,2,2,0,2,5,12,2,18,18
999,0,4,1,4,2,1,0,3,5,2,9,6,5,1,0,0,3,2,8,2,1,2,0,1,0,2,6,5,5,1,1,22,22
999,0,4,1,2,2,1,11,3,5,2,6,4,5,1,0,0,3,2,8,2,1,4,3,2,5,3,0,2,5,10,1,22,22
653,6,4,1,5,0,6,5,3,1,2,6,0,0,0,0,0,3,2,2,1,1,11,2,0,1,2,0,2,5,11,1,15,15
879,0,4,1,4,2,0,0,3,3,2,6,6,5,7,0,3,3,4,8,2,3,2,3,2,5,3,1,2,5,10,2,19,19
879,0,1,1,4,3,4,4,3,0,2,6,4,0,7,0,3,3,4,8,2,3,9,0,1,0,1,6,5,5,12,2,19,19
879,0,1,1,2,0,0,10,3,5,2,6,1,5,7,0,3,3,4,8,2,3,2,3,2,5,3,4,2,5,13,2,19,19
879,0,1,1,0,0,0,10,3,5,2,6,4,5,7,0,3,3,4,6,2,3,3,0,0,0,2,0,2,5,3,2,19,19
692,2,1,1,4,0,3,17,3,5,2,6,6,5,1,0,0,3,2,6,2,1,3,1,0,4,2,3,2,5,0,1,16,16
692,2,0,1,2,0,0,3,3,3,2,9,6,5,1,0,0,3,2,1,2,1,2,3,2,5,3,3,2,5,3,1,16,16
564,3,0,1,4,0,1,5,3,2,2,9,1,5,7,0,3,3,4,8,3,1,4,0,1,1,2,0,2,5,0,2,13,13
564,3,0,1,0,1,1,4,3,5,2,7,1,5,7,0,3,3,4,8,3,1,2,3,2,5,3,6,5,5,12,2,13,13
564,3,2,1,2,0,3,5,3,2,2,2,4,5,7,0,3,3,4,8,3,1,2,0,0,1,2,0,2,5,10,2,13,13
736,5,0,1,1,0,2,9,3,5,2,1,6,5,7,0,3,3,4,1,2,1,2,0,1,0,2,0,2,5,1,2,17,17
736,5,0,1,2,0,0,17,3,5,3,4,4,5,7,0,3,3,4,1,2,1,2,3,2,5,3,3,2,5,1,2,17,17
906,1,1,1,2,0,2,15,4,5,3,9,6,9,0,0,0,3,2,8,2,1,2,0,1,1,2,0,2,5,2,2,20,20
906,1,0,1,2,0,1,17,3,3,2,9,6,8,0,0,0,3,2,8,2,1,2,1,0,4,2,6,2,5,10,2,20,20
624,6,1,1,4,0,0,0,3,1,2,6,0,5,1,0,0,3,2,8,1,1,2,3,2,5,3,0,2,5,1,2,15,15
882,0,0,1,0,0,3,17,3,1,2,0,4,5,1,0,0,3,2,2,2,2,2,0,1,1,2,6,5,5,0,2,19,19
882,0,0,1,0,0,1,5,4,5,3,13,6,5,1,0,0,3,2,8,2,2,4,0,1,1,2,0,2,5,7,2,19,19
882,0,4,1,1,0,2,0,3,5,2,4,6,5,1,0,0,3,2,2,2,2,2,0,1,0,2,6,5,5,13,2,19,19
340,4,1,1,1,0,0,0,3,5,2,9,3,5,7,0,0,3,2,8,2,1,5,3,2,5,3,3,3,5,13,2,9,9
340,4,4,1,4,0,6,5,0,4,2,9,4,5,7,0,0,3,2,8,2,1,2,0,0,0,2,0,2,5,10,2,9,9
615,4,4,0,5,3,6,0,3,2,2,7,4,5,7,0,0,3,2,2,2,1,2,3,2,5,3,0,2,5,12,2,14,14
615,4,2,1,1,0,2,0,0,5,2,9,6,5,7,0,0,3,2,8,2,1,2,0,1,0,2,2,2,5,16,2,14,14
1000,2,0,1,4,0,1,0,3,0,2,10,4,1,7,0,0,0,2,8,2,2,10,3,2,5,3,6,5,5,11,2,22,22
1000,2,0,1,4,0,2,15,3,1,2,10,4,1,7,0,0,0,2,2,2,2,2,2,0,4,2,6,5,5,10,2,22,22
1000,2,0,1,2,0,1,17,3,5,2,6,0,5,7,0,0,0,2,2,2,2,2,0,1,2,2,2,2,5,1,2,22,22
312,4,1,1,4,0,0,17,3,1,2,9,4,1,1,0,0,3,2,8,1,1,2,0,1,3,2,0,2,5,3,2,9,9
238,4,4,0,4,0,0,0,3,5,3,9,6,5,7,0,0,3,4,8,3,1,2,3,2,5,3,0,2,5,1,2,7,7
238,4,0,1,4,0,2,8,3,5,1,5,6,5,7,0,0,3,4,8,3,1,9,3,2,5,3,6,5,5,16,2,7,7
238,4,4,1,3,0,7,17,3,3,3,9,6,5,7,0,0,3,4,8,3,1,2,2,0,1,2,0,2,5,13,2,7,7
743,6,0,1,4,0,2,0,3,2,0,2,6,5,3,0,3,3,2,8,2,1,2,3,2,5,3,6,5,5,4,1,17,17
743,6,1,1,4,0,0,9,3,5,2,6,4,5,3,0,3,3,2,8,2,1,3,1,0,0,2,0,2,5,2,1,17,17
243,6,1,1,4,0,1,10,3,5,2,6,2,7,7,0,0,3,2,8,2,2,2,2,0,1,1,0,2,5,19,2,7,7
243,6,0,1,4,0,3,4,0,5,2,6,2,0,7,0,0,3,2,8,2,2,3,3,2,5,3,6,5,5,1,2,7,7
286,1,0,1,4,2,2,14,3,1,3,7,4,7,1,0,3,3,2,8,2,1,2,0,1,2,2,6,5,5,10,2,8,8
286,1,4,0,2,0,0,12,3,1,3,7,4,5,1,0,3,3,2,8,2,1,2,2,1,0,2,6,5,5,13,2,8,8
655,1,4,0,4,0,3,14,3,5,2,9,2,5,1,0,3,3,7,8,2,2,2,1,0,3,2,6,5,5,12,2,15,15
655,1,1,1,4,0,0,0,3,5,3,7,2,5,1,0,3,3,7,8,2,2,2,1,0,3,2,2,2,5,0,2,15,15
655,1,1,1,4,0,1,0,3,4,3,7,4,6,1,0,3,3,7,8,2,2,10,3,2,5,3,3,2,5,11,2,15,15
553,5,1,1,4,0,3,7,3,2,3,7,2,5,3,0,0,3,2,8,2,1,2,3,2,5,3,6,5,5,16,2,13,13
553,5,0,1,4,0,1,15,0,2,2,7,4,5,3,0,0,3,2,8,2,1,2,0,0,1,2,4,2,5,3,2,13,13
156,6,1,1,1,0,2,0,3,1,2,7,0,6,3,0,0,0,2,8,2,1,2,2,1,0,2,2,2,6,12,2,5,5
156,6,0,1,5,3,6,14,3,5,2,7,2,5,3,0,0,0,2,8,2,1,2,2,0,0,1,0,2,5,11,2,5,5
406,0,1,1,1,0,0,0,3,1,3,2,2,5,1,0,0,3,2,8,2,1,2,1,0,3,2,2,2,5,1,2,11,11
406,0,0,1,1,0,2,9,3,2,3,7,4,5,1,0,0,3,2,2,2,1,2,0,1,1,2,0,2,5,3,2,11,11
429,5,0,1,1,0,2,17,1,1,3,4,2,5,0,0,0,3,2,8,2,1,8,2,1,3,1,2,2,5,1,2,11,11
429,5,0,1,4,0,0,0,3,5,2,9,0,5,0,0,0,3,2,1,2,1,9,0,1,0,2,6,2,5,1,2,11,11
388,5,2,1,4,0,2,5,0,3,2,7,2,5,7,0,0,3,2,8,2,1,1,0,0,0,2,0,2,5,0,2,10,10
388,5,0,1,4,0,2,17,3,5,2,6,2,5,7,0,0,3,2,2,2,1,3,0,1,1,2,0,2,5,17,2,10,10
504,2,2,1,4,0,1,11,3,5,2,4,5,5,7,0,0,3,2,8,1,1,3,1,0,4,2,3,2,5,3,1,12,12
391,4,2,1,4,0,0,17,3,0,2,4,0,5,1,0,0,3,2,8,1,1,2,1,1,4,2,6,5,5,10,2,10,10
67,4,4,0,4,0,2,9,3,5,2,7,2,5,1,0,0,0,7,8,1,1,9,3,2,5,3,6,5,5,3,1,2,2
814,0,2,1,4,0,4,9,1,3,3,3,2,5,1,0,0,3,2,8,1,1,2,2,0,3,2,1,2,6,0,2,18,18
228,0,0,1,4,0,2,0,3,5,3,6,1,5,7,0,0,3,2,8,2,1,2,0,1,1,2,0,2,5,12,2,7,7
228,0,4,1,4,2,2,17,3,1,2,2,4,5,7,0,0,3,2,6,2,1,10,0,1,1,2,2,2,5,1,2,7,7
674,1,1,1,5,2,2,0,1,2,2,3,4,7,0,0,3,3,4,2,2,1,2,2,0,1,2,0,2,6,10,2,15,15
674,1,0,1,4,0,2,5,3,3,2,6,6,5,0,0,3,3,4,8,2,1,2,2,0,4,2,0,2,5,9,2,15,15
768,4,2,1,2,0,1,9,3,1,2,7,2,0,1,0,0,3,2,2,2,1,10,1,0,3,2,0,2,5,9,2,17,17
768,4,0,1,0,0,2,4,3,0,3,6,4,5,1,0,0,3,2,8,2,1,8,3,2,5,3,0,2,5,10,2,17,17
850,3,1,1,4,0,3,0,3,1,3,6,2,7,1,0,0,3,2,8,2,2,2,2,1,3,2,0,2,5,10,2,19,19
850,3,1,1,4,0,4,0,3,5,2,7,0,3,1,0,0,3,2,8,2,2,3,0,1,3,2,0,2,5,10,2,19,19
850,3,1,1,1,0,2,0,3,0,2,6,4,6,1,0,0,3,2,8,2,2,1,3,2,5,3,0,2,5,11,2,19,19
429,4,0,1,1,0,1,1,3,5,2,9,4,5,7,0,0,3,2,8,2,1,2,0,1,0,2,0,2,5,3,2,11,11
429,4,0,1,4,0,1,9,3,5,3,7,2,5,7,0,0,3,2,2,2,1,2,3,2,5,3,4,2,5,1,2,11,11
1008,6,0,1,4,0,0,4,3,1,3,6,0,5,7,0,0,0,2,8,2,2,9,0,1,1,2,6,5,5,0,2,22,22
1008,6,0,1,4,0,1,17,3,2,3,6,4,7,7,0,0,0,2,2,2,2,3,3,2,5,3,6,5,5,3,2,22,22
438,5,2,1,4,0,1,17,4,5,3,6,6,5,0,0,3,3,4,8,2,1,2,2,1,0,1,6,2,6,3,2,11,11
438,5,0,1,4,0,3,0,3,2,2,7,2,6,0,2,3,3,4,8,2,1,3,3,2,5,3,0,2,5,10,2,11,11
731,1,0,1,2,0,4,4,3,5,2,2,4,5,7,0,3,3,4,8,2,1,2,0,0,1,2,0,2,5,13,2,16,16
731,1,1,1,4,0,1,5,3,5,2,4,4,5,7,0,3,3,4,8,2,1,11,1,0,4,2,6,5,5,1,2,16,16
334,6,1,1,2,0,3,8,3,0,2,6,0,5,3,0,0,3,7,8,1,1,2,3,2,5,3,6,5,5,1,2,9,9
781,0,0,1,4,0,3,4,3,5,2,2,4,5,0,0,0,3,2,8,3,2,11,0,0,0,2,6,5,5,10,2,17,17
781,0,1,1,2,0,2,14,3,5,3,6,4,5,0,0,0,3,2,8,3,2,2,0,1,3,2,6,5,5,10,2,17,17
781,0,1,1,4,0,3,7,3,5,2,6,6,5,0,0,0,3,2,8,3,2,11,3,2,5,3,0,2,5,17,2,17,17
138,2,1,1,4,0,0,7,3,5,3,9,2,5,0,0,3,0,4,8,1,1,2,3,2,5,3,0,2,5,2,2,4,4
247,0,0,1,4,0,1,4,3,2,3,6,2,5,7,0,0,3,2,8,2,1,2,0,1,1,2,0,2,5,12,2,8,8
247,0,1,1,1,0,1,17,3,2,3,9,4,5,7,0,0,3,2,8,2,1,2,3,2,5,3,2,2,5,11,2,8,8
681,0,0,1,1,1,2,0,3,1,3,6,0,5,7,0,0,3,2,6,2,1,2,3,2,5,3,0,2,5,12,2,16,16
681,0,1,1,4,0,2,5,3,1,2,6,0,5,7,0,0,3,2,2,2,1,2,2,0,1,2,6,5,5,13,2,16,16
684,0,0,1,2,2,2,7,4,5,2,7,2,5,0,0,0,3,2,8,2,3,4,3,2,5,3,0,2,5,13,2,16,16
684,0,0,1,4,0,3,5,3,5,2,7,2,5,0,0,0,3,2,8,2,3,4,0,1,0,2,0,2,5,9,2,16,16
684,0,0,1,4,0,4,0,3,3,2,9,2,5,0,0,0,3,2,2,2,3,2,0,1,0,2,5,2,5,10,2,16,16
684,0,0,1,4,1,4,8,3,5,3,2,2,5,0,0,0,3,2,8,2,3,2,3,2,5,3,0,2,5,9,2,16,16
354,6,2,1,4,0,3,5,0,5,2,2,0,5,0,0,0,3,2,8,1,1,1,3,2,5,3,0,2,5,12,2,10,10
969,2,2,1,2,2,2,10,3,1,2,9,0,5,1,0,0,0,2,8,2,4,2,0,1,1,2,0,2,5,3,1,21,21
969,2,2,1,1,2,2,3,3,5,2,6,2,6,1,0,0,0,2,6,2,4,2,1,0,2,2,0,2,5,10,1,21,21
969,2,2,1,4,0,1,0,3,2,2,6,2,6,1,0,0,0,2,6,2,4,2,1,0,2,2,1,2,5,13,1,21,21
969,2,2,1,4,0,1,0,3,1,3,9,2,5,1,0,0,0,2,1,2,4,2,0,1,1,2,0,2,5,1,1,21,21
734,0,1,1,0,0,2,7,3,2,3,2,6,5,1,0,0,3,2,8,1,1,2,2,1,0,2,3,2,6,10,1,17,17
64,2,3,1,4,2,1,17,3,5,3,7,2,5,7,0,3,0,4,8,3,1,1,2,0,1,2,0,2,5,3,2,1,1
64,2,1,1,5,3,6,3,3,5,3,6,2,5,7,0,3,0,4,8,3,1,2,0,1,0,2,0,2,5,10,2,1,1
64,2,4,1,4,0,1,9,3,5,3,7,2,5,7,0,3,0,4,1,3,1,2,3,2,5,3,6,5,5,12,2,1,1
870,0,4,1,4,0,2,9,3,5,3,7,2,5,3,0,0,3,2,1,2,2,4,3,2,5,3,0,2,5,1,2,19,19
870,0,0,1,4,0,1,7,3,5,3,13,5,5,3,0,0,3,2,8,2,2,2,0,1,3,2,6,5,5,11,2,19,19
870,0,0,1,1,0,0,7,0,1,3,9,2,9,3,0,0,3,2,8,2,2,2,2,0,3,2,6,5,5,12,2,19,19
858,1,0,1,2,0,6,7,3,4,3,2,4,5,7,0,0,0,3,8,3,3,2,2,0,0,2,6,2,5,0,2,19,19
858,1,0,1,4,2,0,9,4,5,3,7,4,5,7,0,0,0,3,2,3,3,2,2,0,2,2,0,2,5,18,2,19,19
858,1,0,1,4,0,1,5,3,5,3,7,1,5,7,0,0,0,3,8,3,3,2,2,1,0,2,0,2,1,4,2,19,19
858,1,4,0,4,0,0,7,3,5,2,9,2,5,7,0,0,0,3,2,3,3,7,0,1,1,1,0,2,5,3,2,19,19
858,1,4,0,1,0,3,9,3,5,3,6,1,5,7,0,0,0,3,8,3,3,4,3,2,5,3,0,2,5,4,2,19,19
858,1,4,0,4,0,1,7,3,5,2,4,2,5,7,0,0,0,3,8,3,3,2,0,0,0,2,0,2,5,3,2,19,19
340,1,4,1,4,0,1,4,0,5,2,9,0,5,1,0,0,3,7,2,1,1,2,3,2,5,3,0,2,5,11,1,9,9
701,2,0,1,4,0,1,7,3,5,2,6,5,5,7,0,0,3,2,8,1,1,2,0,1,0,2,1,2,5,3,2,16,16
152,3,1,1,4,0,1,7,3,1,3,7,5,5,4,0,0,0,2,8,1,1,2,3,2,5,3,6,2,5,1,1,5,5
551,2,3,1,1,0,1,7,3,5,3,2,6,5,7,0,0,3,2,2,1,1,2,0,1,0,2,0,2,5,9,0,13,13
964,4,0,1,4,0,1,8,3,3,3,4,5,5,1,0,0,0,2,2,3,3,2,1,1,0,2,6,5,5,3,2,21,21
964,4,0,1,1,0,2,0,3,5,2,1,1,5,1,0,0,0,2,8,3,3,2,3,2,5,3,3,2,5,1,2,21,21
964,4,0,1,1,0,1,7,3,5,2,0,4,5,1,0,0,0,2,8,3,3,2,0,1,4,2,6,5,5,3,2,21,21
964,4,0,1,4,0,3,5,3,5,2,7,2,5,1,0,0,0,2,8,3,3,2,3,2,5,3,3,2,5,3,2,21,21
1033,1,1,1,4,0,3,10,3,5,3,7,2,5,7,0,3,0,4,8,2,1,3,0,1,0,2,6,5,5,3,0,22,22
1033,1,1,2,2,0,3,0,3,5,2,4,2,9,7,0,3,0,4,8,2,1,3,0,1,0,2,3,2,5,1,0,22,22
519,4,4,1,4,0,2,8,0,1,3,7,2,5,1,0,0,3,2,8,2,1,9,2,1,3,2,6,5,1,1,2,13,13
519,4,0,1,4,2,1,5,0,5,3,6,6,5,1,0,0,3,2,8,2,1,4,3,2,5,3,6,5,5,3,2,13,13
279,1,1,1,1,0,0,9,3,5,3,13,6,5,3,0,3,3,4,8,1,1,4,0,0,1,2,3,2,5,16,2,8,8
284,4,4,1,4,0,1,7,3,5,3,6,2,5,1,0,0,3,2,8,2,2,2,1,1,0,2,1,2,5,1,2,8,8
284,4,0,1,4,0,2,5,3,5,3,6,4,5,1,0,0,3,2,8,2,2,2,3,2,5,3,2,2,5,10,2,8,8
284,4,0,1,5,3,6,8,1,5,3,7,6,5,1,0,0,3,2,8,2,2,4,2,0,0,2,1,2,6,13,2,8,8
791,4,4,1,1,2,2,7,0,1,3,7,6,5,1,0,0,3,3,8,2,1,4,3,2,5,3,6,5,5,1,2,18,18
791,4,1,1,2,1,3,5,3,5,2,7,4,5,1,0,0,3,3,8,2,1,2,3,2,5,3,1,2,5,1,2,18,18
447,6,4,1,4,0,3,12,3,3,3,7,6,5,7,0,0,3,2,8,1,2,7,0,0,0,2,6,5,5,16,2,11,11