Time,Day_of_week,Age_band_of_driver,Sex_of_driver,Educational_level,Vehicle_driver_relation,Driving_experience,Type_of_vehicle,Owner_of_vehicle,Service_year_of_vehicle,Defect_of_vehicle,Area_accident_occured,Lanes_or_Medians,Road_allignment,Types_of_Junction,Road_surface_type,Road_surface_conditions,Light_conditions,Weather_conditions,Type_of_collision,Number_of_vehicles_involved,Number_of_casualties,Vehicle_movement,Casualty_class,Sex_of_casualty,Age_band_of_casualty,Casualty_severity,Work_of_casuality,Fitness_of_casuality,Pedestrian_movement,Cause_of_accident,Accident_severity,Hour,Hour_of_Day
608,0,2,1,4,0,4,10,3,5,2,1,2,5,0,0,2,0,3,8,2,3,2,3,2,5,3,6,2,5,13,2,14,14
700,5,2,1,4,0,2,13,0,2,3,7,6,5,0,0,2,0,3,8,2,3,2,3,2,5,3,0,2,5,12,2,16,16
700,5,2,1,4,2,2,0,3,5,2,2,4,5,0,0,2,0,3,2,2,3,2,0,1,0,2,0,2,5,1,2,16,16
560,2,1,1,2,2,2,10,3,5,2,7,1,5,1,0,0,3,2,2,1,1,3,3,2,5,3,3,2,5,13,2,13,13
560,2,1,1,4,0,2,17,3,3,2,7,2,5,1,2,0,3,2,2,2,1,2,0,1,4,2,6,5,5,10,2,13,13
560,2,0,1,4,0,1,5,3,2,3,2,4,5,7,0,0,3,2,8,2,1,2,2,1,0,2,6,5,7,3,2,13,13
650,1,1,1,1,0,2,5,3,5,3,6,2,6,7,5,3,0,2,1,1,1,2,3,2,5,3,1,2,5,10,2,15,15
650,1,2,1,4,0,1,9,3,5,3,6,0,5,7,0,3,0,4,8,1,1,2,0,0,1,2,0,2,5,9,2,15,15
480,4,0,1,4,0,4,5,1,2,2,2,2,5,3,0,3,3,8,1,2,1,2,1,0,1,2,2,2,5,10,2,12,12
836,6,0,1,1,0,1,5,1,1,2,7,4,7,0,0,3,3,8,8,2,1,2,1,0,3,2,0,2,5,9,2,18,18
836,6,1,1,4,0,1,9,3,5,2,7,4,5,0,0,0,3,2,1,1,1,2,1,0,0,2,0,2,5,11,2,18,18
862,5,1,1,4,0,1,11,3,5,2,2,4,5,1,0,0,0,2,8,1,1,1,1,0,1,2,0,2,5,0,2,19,19
758,0,1,1,4,0,2,0,3,2,2,4,2,6,1,0,0,3,2,8,2,1,2,2,0,0,2,0,2,1,10,2,17,17
758,0,1,1,4,0,2,8,3,5,2,6,4,5,1,0,0,3,2,8,2,1,2,3,2,5,3,0,2,5,13,2,17,17
498,0,1,1,4,0,6,14,3,5,2,12,4,5,1,0,0,3,2,8,2,1,9,0,1,1,2,0,2,5,10,2,12,12
205,0,0,1,4,2,2,7,3,5,2,7,4,5,0,0,0,3,2,8,2,1,3,0,1,1,2,0,2,5,11,2,7,7
205,0,0,1,4,0,1,17,3,5,2,2,1,5,7,3,0,0,2,8,2,1,2,3,2,5,3,0,2,5,9,1,7,7
743,0,0,1,4,0,4,0,3,5,2,6,4,5,7,0,0,0,2,8,2,1,3,2,0,3,2,6,2,5,11,1,17,17
743,0,1,1,4,0,0,14,3,5,2,7,6,3,1,0,0,3,2,8,1,1,2,2,0,0,2,6,2,2,10,2,17,17
743,0,0,1,4,0,4,8,3,1,2,7,6,5,0,0,0,2,2,8,1,1,11,0,1,1,2,6,2,5,11,2,17,17
308,0,1,0,4,0,3,5,3,5,3,7,2,5,1,0,3,0,2,8,2,2,2,3,2,5,3,6,2,5,3,2,9,9
308,0,0,0,4,0,4,0,3,1,3,7,1,5,0,0,3,0,2,8,2,2,11,3,2,5,3,6,2,5,7,2,9,9
689,6,1,1,4,0,1,17,3,3,2,2,2,6,0,0,3,0,2,8,2,2,2,0,1,0,2,6,2,5,3,2,16,16
791,3,4,0,4,0,0,5,0,1,2,9,2,5,1,0,0,3,2,6,3,3,11,1,1,1,2,6,2,5,0,2,18,18
561,3,2,1,1,0,2,5,3,1,2,6,2,6,1,0,0,3,2,2,3,3,2,1,0,0,2,6,2,5,12,2,13,13
561,3,0,1,4,2,4,5,3,1,2,7,2,5,7,0,0,3,2,8,3,3,2,0,1,0,2,0,5,5,1,2,13,13
561,3,0,1,4,0,4,8,3,1,2,6,2,6,7,0,0,3,2,8,3,3,2,2,1,3,1,0,5,6,1,2,13,13
561,3,0,1,6,0,4,8,3,1,2,7,2,5,7,0,0,3,2,8,3,3,2,3,2,5,3,0,2,5,10,2,13,13
870,3,4,1,4,0,0,0,3,0,2,2,4,5,7,0,0,2,2,1,2,2,2,0,1,0,2,0,2,5,10,2,19,19
870,3,1,1,1,2,2,7,3,5,2,6,2,5,7,0,0,2,2,1,2,2,4,3,2,5,3,0,2,5,0,2,19,19
870,3,1,1,4,0,1,17,3,5,2,7,2,5,0,0,0,2,2,8,2,2,4,0,1,4,2,6,2,5,1,2,19,19
454,2,1,1,4,2,4,0,3,5,2,7,2,5,7,0,0,3,2,8,1,1,2,3,2,5,3,0,2,5,12,2,11,11
503,3,1,1,6,0,2,6,3,3,3,12,2,5,7,0,3,0,2,1,2,1,2,0,1,0,2,0,2,5,0,2,12,12
503,3,0,1,6,0,2,0,3,5,2,2,0,6,7,0,3,0,2,1,2,1,1,3,2,5,3,3,2,5,12,2,12,12
503,3,0,1,4,0,2,0,3,5,3,12,4,5,1,4,3,3,4,1,2,2,2,1,1,0,2,0,2,5,9,2,12,12
942,0,0,1,4,0,1,9,3,1,2,9,0,5,1,0,3,3,4,8,2,2,2,3,2,5,3,0,2,5,18,2,20,20
942,0,1,1,4,0,3,0,4,5,3,6,2,5,7,0,3,3,4,2,2,2,2,0,1,1,2,3,2,5,10,2,20,20
494,5,3,1,4,0,2,11,3,5,3,6,4,5,7,0,0,3,2,8,2,1,2,3,2,5,3,6,5,5,10,2,12,12
494,5,0,1,4,0,3,5,0,2,2,2,2,5,7,0,0,3,2,8,2,1,2,0,1,0,2,0,2,5,10,2,12,12
294,4,1,1,4,0,1,11,3,1,3,9,4,5,7,0,0,3,2,2,1,1,1,0,1,4,2,2,2,5,0,1,8,8
294,4,0,1,4,0,4,17,3,5,2,6,6,5,7,0,0,3,2,8,1,1,2,3,2,5,3,0,2,5,12,2,8,8
255,5,0,1,4,0,4,17,3,1,2,9,1,5,7,0,0,0,2,8,3,3,2,0,0,1,2,3,2,5,2,2,8,8
652,5,1,1,4,2,2,0,3,1,2,7,2,5,7,4,0,0,2,8,3,3,4,1,1,0,2,0,2,5,16,2,15,15
652,5,1,1,4,0,1,0,0,1,2,7,2,5,0,0,0,0,2,8,3,3,2,3,2,5,3,0,2,5,13,2,15,15
811,3,0,1,1,0,4,5,3,5,2,9,2,5,0,0,0,0,2,1,3,3,2,3,2,5,3,6,5,5,0,2,18,18
811,3,2,1,4,0,1,0,3,2,2,4,4,5,0,0,0,0,2,6,2,1,2,0,1,0,2,0,2,5,11,2,18,18
349,1,2,1,4,0,2,10,3,1,2,7,4,3,0,0,0,0,2,8,2,1,2,0,1,1,1,0,2,5,0,2,9,9
349,1,2,1,2,0,3,0,3,0,2,6,4,5,0,0,0,3,2,8,2,1,2,3,2,5,3,6,5,5,10,2,9,9
920,6,1,1,2,0,3,11,1,1,2,7,2,7,1,0,0,3,2,8,2,1,7,0,1,1,2,6,5,5,9,2,20,20
308,1,1,1,4,0,2,5,0,0,3,7,4,5,1,0,0,3,7,2,3,4,4,3,2,5,3,0,2,5,0,1,9,9
308,1,1,1,1,0,0,0,3,5,2,7,2,5,7,0,0,3,7,8,3,4,2,3,2,5,3,0,2,5,13,1,9,9
308,1,4,1,1,0,2,4,3,1,2,7,0,5,7,5,0,3,7,6,3,4,2,0,1,2,2,6,5,5,10,1,9,9
906,6,2,1,4,0,2,10,3,5,1,6,4,5,7,4,0,3,7,2,3,4,2,0,1,0,2,6,5,5,9,1,20,20
429,5,0,1,4,0,0,10,0,0,2,7,2,5,7,0,0,3,2,8,1,1,2,3,2,5,3,0,2,5,10,2,11,11
429,5,0,1,4,2,2,17,4,5,3,13,6,5,7,0,0,3,2,8,1,1,2,0,1,0,2,0,2,5,0,1,11,11
429,5,3,1,2,2,3,3,1,5,2,7,2,5,0,0,3,0,2,8,2,1,2,3,2,5,3,6,5,5,0,2,11,11
429,5,3,1,5,2,4,5,3,3,3,7,6,3,0,0,3,0,2,8,2,1,2,1,0,3,2,6,5,5,11,2,11,11
429,5,3,1,6,2,2,4,3,5,3,6,4,5,0,1,3,3,1,8,2,1,2,2,0,3,2,0,2,6,0,2,11,11
429,5,1,1,0,0,3,5,3,5,2,6,1,5,0,5,3,3,1,8,2,1,2,0,1,4,2,0,2,5,3,2,11,11
429,5,0,1,2,0,4,9,3,3,2,2,6,5,7,0,0,3,2,1,2,1,3,0,0,1,2,6,5,5,3,2,11,11
566,2,1,1,4,0,0,17,3,5,2,6,0,5,7,0,0,3,2,8,2,1,3,1,0,3,2,0,5,5,11,2,14,14
566,2,0,1,4,0,3,15,3,3,2,6,6,5,1,0,3,0,8,8,1,1,9,3,2,5,3,0,2,5,7,1,14,14
953,0,2,1,4,2,3,17,3,5,2,6,2,5,1,0,0,3,2,2,2,1,4,0,1,0,2,0,2,5,10,2,20,20
953,0,2,1,4,0,3,0,3,5,2,6,1,5,1,2,0,3,2,8,2,1,4,3,2,5,3,0,2,5,0,2,20,20
953,0,2,1,4,0,5,17,3,1,2,9,4,5,1,0,0,3,2,8,1,1,2,3,2,5,3,0,2,5,12,2,20,20
953,0,2,1,4,0,0,5,3,3,2,9,6,5,7,0,0,3,2,8,2,1,2,0,1,1,2,6,5,5,10,1,20,20
953,0,2,1,3,2,0,0,3,2,3,9,4,5,7,0,0,3,2,2,2,1,4,3,2,5,3,4,2,5,11,1,20,20
953,0,0,1,4,2,4,0,3,2,3,6,0,5,0,0,0,3,2,8,2,2,4,0,1,1,2,6,5,5,11,2,20,20
857,0,0,0,4,2,0,5,3,5,2,9,2,3,0,0,0,3,2,8,2,2,2,3,2,5,3,6,5,5,12,2,19,19
857,0,0,1,4,2,1,0,0,5,2,7,2,5,1,0,0,3,2,8,2,2,7,0,1,4,2,6,2,5,3,2,19,19
1051,2,2,1,5,2,2,0,0,4,2,7,2,5,1,0,0,3,0,8,2,1,4,0,1,0,2,0,2,5,1,2,23,23
826,4,1,1,5,2,3,0,3,5,3,7,2,9,1,0,0,3,0,8,2,1,9,3,2,5,3,0,2,5,0,2,18,18
550,1,2,1,4,2,1,15,3,5,2,12,0,5,1,0,3,3,2,8,1,1,2,0,1,1,2,6,5,5,9,2,13,13
550,1,0,1,1,2,3,17,3,5,2,12,0,5,7,0,3,0,4,8,2,1,2,3,2,5,3,6,5,5,3,2,13,13
284,3,1,1,6,2,2,17,3,1,2,12,4,5,7,0,3,0,4,2,2,1,2,0,1,0,2,6,5,5,4,2,8,8
284,3,4,1,5,2,6,0,3,5,2,9,1,5,0,3,0,0,2,8,1,1,2,3,2,5,3,6,5,5,4,1,8,8
272,1,3,1,4,2,2,8,3,5,2,7,4,5,0,0,0,3,2,8,2,1,2,0,1,1,2,0,2,5,11,2,8,8
272,1,0,1,4,2,4,17,3,5,2,6,2,5,7,0,0,3,2,8,2,1,2,3,2,5,3,0,2,5,0,2,8,8
510,2,0,1,4,2,1,0,3,2,2,7,2,5,7,0,3,3,2,8,1,1,2,1,0,1,2,0,2,5,1,2,13,13
510,2,1,1,1,0,1,9,3,3,2,12,4,5,7,0,0,3,2,8,2,1,2,0,1,0,2,2,2,5,3,2,13,13
708,2,0,1,4,0,1,10,3,2,2,7,0,5,7,0,0,3,2,8,2,1,2,3,2,5,3,0,2,5,10,2,16,16
708,2,3,1,4,0,1,4,3,1,2,4,2,5,7,0,3,3,2,8,3,1,4,0,1,0,1,6,5,5,7,2,16,16
387,6,2,1,4,0,2,14,3,1,2,7,2,5,7,0,3,3,2,2,3,1,2,3,2,5,3,0,2,5,5,2,10,10
505,1,0,0,4,0,2,12,3,5,2,6,2,5,7,0,3,3,2,6,3,1,2,3,2,5,3,0,2,5,1,2,12,12
505,1,0,1,4,0,3,14,3,5,2,7,2,5,7,0,3,3,4,8,2,1,3,0,0,1,2,5,2,5,3,2,12,12
505,1,0,1,1,0,2,0,3,5,2,7,2,5,7,0,3,3,4,8,2,1,2,3,2,5,3,0,2,5,9,2,12,12
641,3,1,1,4,0,2,0,1,3,2,5,4,5,7,0,0,3,2,8,1,1,3,0,1,4,2,0,2,5,18,2,15,15
641,3,2,1,4,0,3,7,3,5,2,7,6,5,7,0,0,0,2,8,1,1,4,3,2,5,3,0,2,5,1,2,15,15
641,3,2,0,1,2,6,15,3,3,2,9,2,5,7,0,0,3,2,8,3,3,2,0,1,0,2,0,2,5,3,2,15,15
610,3,1,1,4,2,2,0,3,3,3,6,2,5,0,0,0,3,2,8,3,3,7,2,0,0,2,1,2,1,12,2,14,14
755,5,2,1,4,0,2,14,3,5,3,6,0,5,0,0,0,3,2,8,3,3,2,0,1,1,2,0,2,5,9,2,17,17
755,5,3,1,4,0,4,0,4,1,3,3,1,9,0,0,0,3,2,8,3,3,4,3,2,5,3,3,2,5,0,2,17,17
404,5,1,0,5,3,6,9,3,5,3,4,2,5,0,0,0,0,2,2,2,2,4,3,2,5,3,0,2,5,17,2,10,10
404,5,2,0,4,0,2,17,3,1,2,7,4,5,0,0,0,0,2,8,2,2,4,0,1,0,2,0,2,5,10,2,10,10
621,1,1,1,4,0,2,0,3,5,3,6,4,5,0,0,0,0,2,8,2,2,8,3,2,5,3,6,5,5,3,2,14,14
621,1,2,1,4,0,3,5,3,5,2,6,6,5,7,0,0,3,2,8,1,1,4,0,0,3,2,0,2,5,10,2,14,14
621,1,4,1,2,0,3,17,3,5,3,9,2,5,7,0,0,3,2,8,3,2,4,3,2,5,3,6,5,5,0,2,14,14
519,2,0,1,4,0,3,11,3,5,3,9,5,5,2,4,0,3,2,1,3,2,4,0,1,1,2,6,5,5,11,2,13,13
519,2,0,0,4,0,3,17,3,5,2,12,2,5,2,5,0,3,2,1,3,2,2,2,0,2,2,6,2,1,10,2,13,13
519,2,4,0,4,0,3,9,0,5,2,7,2,5,7,0,0,0,2,8,2,1,2,0,1,0,2,0,2,5,10,2,13,13
257,6,4,1,4,0,3,9,0,5,2,0,4,5,7,0,0,0,2,8,2,1,2,3,2,5,3,0,2,5,0,2,8,8
257,6,0,1,4,0,2,0,3,5,2,6,6,5,7,0,3,3,3,8,2,1,2,3,2,5,3,0,2,5,10,2,8,8
480,3,0,1,4,0,1,17,3,5,2,2,2,5,7,0,3,3,3,6,2,1,2,0,0,0,2,0,2,5,0,2,12,12
480,3,0,1,4,0,4,0,0,5,2,2,2,5,7,0,0,3,2,8,2,1,2,3,2,5,3,0,2,5,10,2,12,12
480,3,4,1,4,0,4,5,3,5,2,9,0,5,0,0,0,3,2,8,2,1,2,0,1,0,2,0,2,5,10,2,12,12
480,3,4,1,4,0,1,9,3,3,2,9,2,5,0,0,0,3,2,1,1,1,2,3,2,5,3,1,2,5,10,1,12,12
907,3,0,1,1,0,4,4,3,5,2,9,0,5,0,0,0,3,2,8,2,1,2,0,1,1,2,6,2,5,0,2,20,20
907,3,1,1,4,0,4,0,3,3,2,9,2,5,1,0,0,3,2,8,2,1,2,0,1,1,2,0,2,5,1,2,20,20
840,4,1,1,4,0,6,0,3,0,2,7,0,5,1,0,0,3,2,8,2,1,2,3,2,5,3,6,5,5,9,2,18,18
943,4,1,1,5,0,2,0,3,5,2,7,2,5,1,0,0,3,2,1,2,1,7,3,2,5,3,3,2,5,1,2,20,20
943,4,0,1,6,0,4,1,3,1,2,9,2,5,1,0,3,3,2,8,2,1,2,0,1,0,2,6,5,5,10,2,20,20
943,4,1,1,4,0,4,9,3,5,2,7,6,5,7,4,3,3,2,1,2,1,4,0,1,0,2,3,2,5,16,2,20,20
943,4,1,1,4,0,0,4,3,5,2,2,4,5,7,0,0,0,2,8,1,1,11,3,2,5,3,6,5,5,13,2,20,20
357,6,1,1,1,0,3,17,3,5,2,7,4,5,7,0,0,3,2,8,3,1,1,2,1,0,2,3,2,6,13,2,10,10
357,6,1,1,1,0,3,17,3,5,2,6,4,5,7,0,0,3,2,8,3,1,2,3,2,5,3,6,5,5,1,2,10,10
357,6,1,1,1,0,4,0,3,1,2,6,2,5,7,0,0,3,2,8,3,1,2,0,0,3,1,6,5,5,11,2,10,10
933,6,0,1,2,0,1,4,3,5,3,9,4,5,1,0,3,0,4,8,1,1,2,0,1,0,1,3,2,5,12,0,20,20
933,6,0,1,4,0,1,5,3,5,3,7,2,5,1,0,3,3,2,2,4,6,2,3,2,5,3,1,2,5,0,1,20,20
933,6,0,1,0,0,3,8,3,3,3,4,4,5,7,0,3,3,2,8,4,6,9,2,1,0,2,2,2,5,0,1,20,20
417,0,2,1,4,0,1,4,3,5,3,6,2,5,1,0,3,3,2,8,4,6,0,3,2,5,3,1,2,5,16,1,11,11
417,0,1,1,4,0,1,14,1,5,3,1,2,5,1,0,3,3,2,2,4,6,0,0,1,2,1,6,5,5,10,1,11,11
417,0,1,1,2,0,0,7,3,0,2,9,2,5,1,4,3,3,2,8,4,6,0,2,1,2,2,1,2,5,12,1,11,11
709,4,1,1,4,0,2,7,3,3,3,9,4,5,0,0,3,3,2,8,4,6,0,3,2,5,3,6,5,5,1,1,16,16
709,4,0,1,4,0,4,4,3,2,3,2,4,3,0,0,3,3,2,8,4,6,4,0,1,1,2,1,2,5,0,1,16,16
536,1,1,1,4,0,4,17,3,2,3,9,4,5,0,5,0,3,2,8,2,1,0,2,0,0,1,1,2,0,10,2,13,13
536,1,0,1,1,0,6,0,3,5,2,13,6,5,0,0,0,3,2,1,2,1,9,3,2,5,3,1,2,5,3,2,13,13
878,0,1,1,4,0,4,5,3,2,2,7,4,5,0,0,0,0,2,1,3,5,0,0,1,0,2,0,2,5,11,1,19,19
878,0,1,0,4,0,0,7,3,5,3,7,3,5,7,0,0,0,2,8,3,5,0,3,2,5,3,0,2,5,3,1,19,19
1059,2,3,1,1,0,1,5,3,5,2,2,3,5,7,2,0,0,2,8,3,5,0,0,0,0,2,4,2,5,9,1,23,23
1059,2,3,1,2,0,0,0,0,5,2,7,3,5,0,0,0,0,2,2,3,5,0,3,2,5,3,0,2,5,10,1,23,23
1059,2,3,1,4,0,2,8,3,5,2,2,3,5,0,0,0,0,2,8,3,5,0,0,1,1,2,3,2,5,10,1,23,23
305,6,0,1,4,0,4,5,3,5,2,2,2,5,7,0,0,0,2,8,3,5,4,3,2,5,3,6,5,5,10,1,9,9
664,4,1,1,2,0,3,10,3,3,2,7,4,5,7,0,0,0,2,8,2,2,2,2,0,1,2,6,5,0,0,2,15,15
664,4,1,1,1,2,2,3,0,2,2,7,4,5,7,0,0,0,2,8,2,2,2,0,1,0,2,0,2,5,0,2,15,15
914,2,3,1,1,0,4,0,3,2,2,12,6,5,7,0,0,0,2,2,1,1,4,3,2,5,3,0,2,5,9,1,20,20
993,6,1,1,4,0,2,0,3,3,2,9,4,5,1,0,0,0,2,8,1,1,2,2,0,0,2,0,2,0,1,2,21,21
993,6,0,1,1,2,2,7,4,0,2,7,2,5,7,0,0,3,2,8,2,1,2,1,0,3,1,0,2,5,12,2,21,21
972,2,3,0,4,0,1,17,3,3,2,6,4,5,7,0,0,3,2,2,2,1,2,0,1,0,2,6,5,5,9,2,21,21
972,2,3,1,4,0,3,3,3,3,2,9,4,5,0,0,3,3,2,8,2,1,2,3,2,5,3,0,2,5,3,2,21,21
153,5,3,1,4,0,2,9,3,3,2,7,1,3,0,0,3,3,2,2,2,1,2,0,0,4,2,3,2,5,3,2,5,5
153,5,3,1,2,0,0,9,3,3,2,9,2,5,0,0,0,3,2,8,2,1,7,3,2,5,3,3,2,5,5,2,5,5
153,5,0,1,1,0,2,7,3,2,2,9,4,5,0,0,0,3,2,8,2,1,3,0,1,0,1,3,2,5,11,2,5,5
334,1,1,1,1,0,1,7,3,5,2,9,2,5,0,0,0,3,2,8,2,1,5,3,2,5,3,0,2,5,12,2,9,9
334,1,1,1,4,0,4,7,3,0,2,7,6,5,7,0,0,3,2,8,2,1,2,2,0,3,2,2,2,5,3,2,9,9
830,6,4,1,4,0,4,9,3,2,2,7,4,5,1,0,0,3,2,8,2,1,2,2,1,2,1,6,5,5,9,2,18,18
830,6,3,1,4,0,2,5,3,2,2,7,1,5,7,0,0,3,2,8,2,1,2,3,2,5,3,3,2,5,3,2,18,18
675,6,2,1,4,2,2,7,3,0,2,3,4,5,7,2,3,3,4,8,1,1,2,0,1,0,2,2,2,5,12,2,16,16
675,6,0,1,1,0,0,9,3,1,2,9,4,5,7,0,0,3,2,8,3,1,2,3,2,5,3,6,5,5,1,2,16,16
518,5,1,1,4,0,6,7,3,2,2,9,1,5,0,0,0,3,2,1,3,1,2,0,1,0,2,6,5,5,0,2,13,13
518,5,2,1,1,0,3,4,3,2,2,9,4,5,0,0,0,3,2,2,3,1,2,3,2,5,3,0,2,5,12,2,13,13
933,0,4,1,4,2,0,7,3,0,2,7,2,5,7,0,0,3,2,8,2,3,7,0,0,0,2,6,5,5,3,2,20,20
933,0,3,1,5,3,6,7,3,0,2,6,2,5,7,0,0,3,2,8,2,3,2,3,2,5,3,0,2,5,9,2,20,20
850,0,2,1,4,0,3,7,3,1,2,7,6,5,7,0,0,3,2,2,2,3,2,0,0,0,2,0,2,5,10,2,19,19
490,2,4,1,1,2,1,8,3,5,2,6,0,5,0,0,0,3,2,8,1,1,4,0,0,0,2,0,2,5,0,1,12,12
803,6,1,1,4,0,2,0,3,5,2,9,2,5,0,0,0,3,2,8,2,1,0,3,2,5,3,0,2,5,0,2,18,18
803,6,1,1,4,0,4,7,3,5,2,6,0,1,7,0,0,3,2,1,2,1,9,0,1,0,2,3,2,5,10,2,18,18
803,6,1,1,4,0,2,5,3,5,2,6,0,5,1,0,0,3,2,8,2,1,2,0,0,2,2,3,2,5,0,2,18,18
803,6,0,1,2,0,3,10,1,5,2,7,0,5,5,2,0,3,2,1,2,1,2,3,2,5,3,0,2,5,3,2,18,18
238,6,0,1,4,0,2,0,3,5,2,6,2,5,1,0,0,3,2,8,3,2,2,3,2,5,3,0,2,5,0,2,7,7
238,6,0,1,1,0,0,8,3,5,2,6,5,5,1,0,0,3,2,8,3,2,2,0,0,4,2,6,5,5,10,2,7,7
366,4,3,1,4,0,6,5,0,5,3,6,1,5,1,0,0,3,2,2,3,2,2,3,2,5,3,0,2,5,1,2,10,10
366,4,2,0,1,0,0,9,3,5,3,7,4,5,1,0,3,3,2,8,2,3,2,0,1,2,2,0,2,5,10,2,10,10
1042,2,2,1,4,2,0,7,3,5,3,9,5,5,7,0,3,3,2,8,2,3,2,3,2,5,3,0,2,5,4,2,23,23
30,3,0,1,0,2,0,5,3,1,2,9,2,1,7,0,3,3,2,8,2,3,2,3,2,5,3,6,2,5,10,2,0,0
30,3,0,1,4,2,2,8,3,2,3,2,2,5,7,0,0,3,2,1,2,1,1,0,1,1,2,6,5,5,16,2,0,0
379,1,0,1,4,0,2,7,3,2,3,7,2,5,7,0,0,3,2,2,2,1,1,3,2,5,3,0,2,5,5,2,10,10
379,1,0,1,1,0,2,5,3,5,3,9,2,5,7,3,0,3,2,1,4,1,1,0,1,1,2,0,2,5,11,2,10,10
511,2,0,1,2,2,4,12,3,1,3,7,4,5,7,0,0,3,2,8,4,1,3,0,1,1,2,3,2,5,9,2,13,13
511,2,2,1,4,0,3,0,3,1,3,9,4,5,7,0,0,3,2,8,4,1,2,0,0,1,2,0,2,5,1,2,13,13
511,2,2,1,4,0,2,0,3,1,3,9,2,5,3,0,0,3,2,8,4,1,2,3,2,5,3,0,2,5,0,2,13,13
774,1,0,0,4,0,4,14,3,2,2,7,2,5,3,0,0,3,2,8,2,1,12,0,1,3,2,0,2,5,1,1,17,17
774,1,1,0,4,0,3,7,4,5,3,7,2,5,7,0,0,3,2,8,2,1,2,3,2,5,3,6,5,5,5,1,17,17
774,1,1,1,4,0,2,5,3,5,2,7,4,5,7,0,0,3,2,2,1,1,4,3,2,5,3,0,2,5,12,2,17,17
774,1,1,1,4,2,3,5,3,5,2,7,0,5,7,0,0,3,2,2,4,2,2,1,0,1,2,0,2,5,12,2,17,17
758,0,1,1,4,0,2,3,3,5,3,9,2,5,7,0,0,3,2,8,4,2,2,0,1,1,2,3,2,5,0,2,17,17
758,0,3,1,4,0,0,14,3,1,3,1,4,5,0,0,0,3,2,8,4,2,2,3,2,5,3,6,2,5,1,2,17,17
758,0,1,1,4,0,0,9,3,5,3,7,6,5,0,0,0,3,2,8,4,2,2,0,1,0,1,6,5,5,1,2,17,17
758,0,1,1,4,0,0,0,3,5,3,6,4,5,0,0,3,3,4,8,3,1,5,3,2,5,3,0,2,5,0,2,17,17
758,0,1,1,2,0,1,9,4,5,3,7,4,5,0,0,3,3,4,8,3,1,2,3,2,5,3,0,2,5,0,2,17,17
414,3,0,1,2,2,3,5,3,5,3,6,4,5,1,0,3,3,4,8,3,1,2,0,1,0,2,0,2,5,7,2,11,11
414,3,0,1,1,0,1,0,3,5,3,6,1,5,1,0,0,3,2,8,2,2,2,0,1,0,2,6,5,5,16,2,11,11
414,3,1,1,4,0,3,5,3,5,3,6,4,5,1,0,0,3,2,8,2,2,9,2,1,1,2,0,2,5,0,2,11,11
102,2,0,1,2,0,1,5,3,5,2,7,4,5,1,0,0,3,2,8,2,2,2,3,2,5,3,3,2,5,5,2,3,3
102,2,0,1,4,1,5,8,0,5,3,7,0,5,1,0,0,3,2,8,2,2,2,0,1,1,1,3,2,5,3,2,3,3
733,5,1,1,4,0,0,7,3,5,2,6,3,5,1,0,0,3,2,5,2,2,1,0,1,0,2,6,5,5,9,2,17,17
733,5,3,1,4,2,2,0,3,5,3,9,6,5,1,0,0,3,2,8,2,2,3,3,2,5,3,6,2,5,10,2,17,17
743,0,1,1,4,0,0,0,0,1,3,1,4,5,1,0,0,3,2,2,2,1,1,0,0,0,2,0,2,5,12,0,17,17
743,0,3,1,4,0,3,4,3,0,2,7,6,5,1,2,0,3,2,8,2,1,5,3,2,5,3,0,2,5,17,0,17,17
756,5,1,1,4,0,0,1,3,3,2,9,6,5,1,0,0,3,2,8,2,1,2,3,2,5,3,6,5,5,0,2,17,17
756,5,1,1,4,0,0,0,3,5,2,7,6,5,0,0,0,3,2,8,2,1,2,0,1,1,2,0,2,5,10,2,17,17
791,3,1,1,4,0,1,5,3,5,3,7,6,5,0,0,0,3,2,8,2,1,2,1,1,1,2,3,2,5,9,1,18,18
1059,6,1,1,2,0,0,4,3,2,3,7,1,5,0,0,0,3,2,8,2,1,7,1,0,2,2,3,2,5,12,1,23,23
1059,6,1,1,4,0,0,4,3,5,2,7,2,5,0,0,0,0,2,8,2,3,1,0,1,4,2,3,2,5,12,2,23,23
623,6,3,1,1,0,3,0,3,1,2,7,6,5,1,0,0,0,2,2,2,3,2,3,2,5,3,6,5,5,10,2,14,14
623,6,3,1,4,0,3,17,3,5,2,12,4,5,1,0,0,0,2,2,2,3,2,2,1,1,2,3,2,6,10,2,14,14
623,6,2,1,1,0,3,0,3,5,2,6,2,5,7,3,3,3,4,8,1,1,2,2,0,0,2,3,2,2,16,1,14,14
605,2,4,1,4,0,3,10,3,5,2,6,2,5,7,0,0,3,2,2,2,1,7,3,2,5,3,0,1,5,5,1,14,14
605,2,0,1,4,0,0,9,3,2,2,6,2,5,1,0,0,3,2,2,2,1,2,0,1,0,2,0,2,5,1,1,14,14